"site_id","order_id","payload_id","pricing_plant_id","quantity","payload_event_batch_start_time","payload_event_batch_end_time","payload_event_departure_time","payload_event_arrival_time","payload_event_pouring_start_time","payload_event_pouring_finish_time","payload_event_wash_time","payload_event_to_plant_time","payload_event_at_plant_time","pour_lat","pour_long"
"7a7b13ad-e08f-440e-98ae-00358447798b","05f01aec-42b8-4f07-a7c0-d1de879276c7","a4f4ff1d-ff03-4489-a4aa-0037f8867b09","964ee7a6-4e49-4aad-8768-1fabf85966eb","8.00","2022-08-29 14:08:01.000","2022-08-29 14:11:58.000","2022-08-29 14:20:58.000","2022-08-29 14:48:48.000","2022-08-29 15:04:01.000","2022-08-29 15:45:40.000","2022-08-29 15:45:40.000","2022-08-29 16:13:14.000","2022-08-29 16:45:23.000",,
"7a7b13ad-e08f-440e-98ae-00358447798b","dbaf12a8-2625-4a5b-9da6-5e6ab571846d","65927012-021d-4bb6-ac04-6ba95d161ecf","964ee7a6-4e49-4aad-8768-1fabf85966eb","9.00","2022-09-20 14:42:20.000","2022-09-20 14:46:56.000","2022-09-20 14:53:21.000","2022-09-20 15:21:50.000","2022-09-20 15:41:19.000","2022-09-20 15:53:32.000","2022-09-20 15:53:32.000","2022-09-20 16:03:43.000","2022-09-20 16:43:14.000","42.349655","-71.102142"
"7a7b13ad-e08f-440e-98ae-00358447798b","80efed23-ed06-416d-9ec9-3403dcae64b6","9655b635-5a52-4529-b506-4faaf3d0a3bf","964ee7a6-4e49-4aad-8768-1fabf85966eb","11.00","2022-10-13 17:15:51.000","2022-10-13 17:20:38.000","2022-10-13 17:36:00.000","2022-10-13 18:12:21.000","2022-10-13 18:22:46.000",,,"2022-10-13 18:48:07.000","2022-10-13 19:51:29.000","42.349272","-71.102930"
"7a7b13ad-e08f-440e-98ae-00358447798b","b687d701-7ef0-47d0-88b9-af9b63ca8314","5e615a3b-b0cd-4b5b-b904-cde0df1187c5","bee71a1d-573f-4aee-ba50-4438524b0c49","8.00","2022-07-18 11:44:25.000","2022-07-18 11:48:40.000","2022-07-18 12:01:35.000","2022-07-18 12:47:11.000","2022-07-18 12:56:17.000","2022-07-18 13:24:59.000","2022-07-18 13:24:59.000","2022-07-18 13:29:19.000","2022-07-18 14:00:12.000","42.349668","-71.103563"
"7a7b13ad-e08f-440e-98ae-00358447798b","b687d701-7ef0-47d0-88b9-af9b63ca8314","a2b5c447-a439-4aae-bce4-5271510e41d9","bee71a1d-573f-4aee-ba50-4438524b0c49","8.00","2022-07-18 14:08:06.000","2022-07-18 14:15:59.000","2022-07-18 14:46:08.000","2022-07-18 15:17:01.000","2022-07-18 15:35:58.000","2022-07-18 15:36:02.000","2022-07-18 15:36:02.000","2022-07-18 15:38:20.000","2022-07-18 16:35:34.000","42.350020","-71.103444"
"7a7b13ad-e08f-440e-98ae-00358447798b","b687d701-7ef0-47d0-88b9-af9b63ca8314","68357a5c-ef61-49f6-9dc7-6da1fdfb562b","bee71a1d-573f-4aee-ba50-4438524b0c49","10.00","2022-07-18 13:38:14.000","2022-07-18 13:41:49.000","2022-07-18 14:00:36.000","2022-07-18 14:29:16.000","2022-07-18 14:43:47.000","2022-07-18 15:21:31.000","2022-07-18 15:21:31.000","2022-07-18 15:31:37.000","2022-07-18 16:37:15.000","42.350074","-71.102889"
"7a7b13ad-e08f-440e-98ae-00358447798b","b687d701-7ef0-47d0-88b9-af9b63ca8314","da4cc60a-94b6-4a93-901e-5cdf43f0d8be","bee71a1d-573f-4aee-ba50-4438524b0c49","7.00","2022-07-18 12:36:35.000","2022-07-18 12:39:45.000","2022-07-18 12:50:11.000","2022-07-18 13:18:50.000","2022-07-18 13:37:58.000","2022-07-18 14:09:01.000","2022-07-18 14:09:01.000","2022-07-18 14:21:50.000","2022-07-18 14:50:31.000","42.349759","-71.103546"
"7a7b13ad-e08f-440e-98ae-00358447798b","b687d701-7ef0-47d0-88b9-af9b63ca8314","163ccbaf-12ea-4f66-8239-9f3b6efa89d5","bee71a1d-573f-4aee-ba50-4438524b0c49","1.00","2022-07-18 11:41:41.000","2022-07-18 11:44:17.000","2022-07-18 11:51:51.000","2022-07-18 12:23:40.000","2022-07-18 12:35:07.000","2022-07-18 12:36:57.000","2022-07-18 12:36:57.000","2022-07-18 12:38:32.000","2022-07-18 13:21:26.000","42.349695","-71.103510"
"7a7b13ad-e08f-440e-98ae-00358447798b","35ab88c9-f80d-41d3-a65c-9e3bf223e1fa","3e0e6560-7345-43a5-8231-9f83dcdfb564","964ee7a6-4e49-4aad-8768-1fabf85966eb","11.00","2022-09-19 14:14:34.000","2022-09-19 14:19:11.000","2022-09-19 14:26:27.000","2022-09-19 14:57:50.000","2022-09-19 15:03:11.000","2022-09-19 15:15:31.000","2022-09-19 15:15:31.000","2022-09-19 15:26:02.000","2022-09-19 15:55:27.000","42.350174","-71.102500"
"7a7b13ad-e08f-440e-98ae-00358447798b","35ab88c9-f80d-41d3-a65c-9e3bf223e1fa","a442c892-f069-4c3e-bbb2-6ef7a7827799","964ee7a6-4e49-4aad-8768-1fabf85966eb","11.00","2022-09-19 11:32:31.000","2022-09-19 11:37:18.000","2022-09-19 11:50:42.000","2022-09-19 13:19:58.000","2022-09-19 13:26:20.000","2022-09-19 13:37:51.000","2022-09-19 13:37:51.000","2022-09-19 13:41:07.000","2022-09-19 14:11:08.000","42.349882","-71.102462"
"7a7b13ad-e08f-440e-98ae-00358447798b","35ab88c9-f80d-41d3-a65c-9e3bf223e1fa","d9e332ee-fbb9-4b7c-8696-f505be874f80","964ee7a6-4e49-4aad-8768-1fabf85966eb","11.00","2022-09-19 11:23:43.000","2022-09-19 11:29:04.000","2022-09-19 11:37:33.000","2022-09-19 12:56:41.000","2022-09-19 13:03:27.000","2022-09-19 13:16:43.000","2022-09-19 13:16:43.000","2022-09-19 13:19:19.000","2022-09-19 13:57:42.000","42.350104","-71.102294"
"7a7b13ad-e08f-440e-98ae-00358447798b","35ab88c9-f80d-41d3-a65c-9e3bf223e1fa","6569f650-1bb2-411f-b31a-66a844d1a7ad","964ee7a6-4e49-4aad-8768-1fabf85966eb","11.00","2022-09-19 11:59:29.000","2022-09-19 12:05:18.000","2022-09-19 12:16:36.000","2022-09-19 14:00:25.000","2022-09-19 14:20:17.000","2022-09-19 14:33:17.000","2022-09-19 14:33:17.000","2022-09-19 14:36:19.000","2022-09-19 15:16:29.000","42.350166","-71.102281"
"7a7b13ad-e08f-440e-98ae-00358447798b","35ab88c9-f80d-41d3-a65c-9e3bf223e1fa","3e262895-6ade-4148-ab9e-b1bceae461ea","964ee7a6-4e49-4aad-8768-1fabf85966eb","11.00","2022-09-19 11:02:20.000","2022-09-19 11:07:11.000","2022-09-19 11:11:25.000","2022-09-19 11:52:13.000","2022-09-19 12:43:17.000","2022-09-19 12:52:54.000","2022-09-19 12:52:54.000","2022-09-19 12:56:00.000","2022-09-19 13:31:38.000","42.350054","-71.102428"
"7a7b13ad-e08f-440e-98ae-00358447798b","35ab88c9-f80d-41d3-a65c-9e3bf223e1fa","5c0233b3-278f-4e30-960e-488ceba449ab","964ee7a6-4e49-4aad-8768-1fabf85966eb","11.00","2022-09-19 11:39:47.000","2022-09-19 11:45:47.000","2022-09-19 11:54:41.000","2022-09-19 13:41:44.000","2022-09-19 13:48:28.000","2022-09-19 14:09:39.000","2022-09-19 14:09:39.000","2022-09-19 14:23:43.000","2022-09-19 14:43:19.000","42.350113","-71.102330"
"7a7b13ad-e08f-440e-98ae-00358447798b","7126ff8a-7fd7-4607-9674-4fca00abbf75","71727fa8-53d7-4c4f-be35-5b596df5235c","964ee7a6-4e49-4aad-8768-1fabf85966eb","7.00","2022-09-30 10:58:14.000","2022-09-30 11:02:36.000","2022-09-30 11:10:56.000","2022-09-30 11:43:00.000","2022-09-30 12:44:37.000","2022-09-30 13:08:05.000","2022-09-30 13:08:05.000","2022-09-30 13:22:13.000","2022-09-30 14:47:33.000","42.349819","-71.103084"
"7a7b13ad-e08f-440e-98ae-00358447798b","7126ff8a-7fd7-4607-9674-4fca00abbf75","9c70922b-c311-4dd5-aa95-71cff9951508","964ee7a6-4e49-4aad-8768-1fabf85966eb","9.00","2022-09-30 10:34:12.000","2022-09-30 10:40:26.000","2022-09-30 10:52:53.000","2022-09-30 11:23:45.000","2022-09-30 11:30:24.000","2022-09-30 12:11:05.000","2022-09-30 12:11:05.000","2022-09-30 12:21:11.000","2022-09-30 13:12:34.000",,
"7a7b13ad-e08f-440e-98ae-00358447798b","d7b4400f-eaca-4c04-a745-957c541029d7","84be049c-78d9-47ed-a4bb-1edd1a7d35e0","964ee7a6-4e49-4aad-8768-1fabf85966eb","11.00","2022-03-21 11:00:16.000","2022-03-21 11:08:52.000","2022-03-21 11:19:31.000","2022-03-21 11:53:35.000","2022-03-21 12:04:22.000","2022-03-21 12:12:29.000","2022-03-21 12:12:29.000","2022-03-21 12:15:21.000","2022-03-21 12:54:27.000","42.350246","-71.103352"
"7a7b13ad-e08f-440e-98ae-00358447798b","d7b4400f-eaca-4c04-a745-957c541029d7","e6d43a53-54a7-44f6-99ff-57d2411af7d9","964ee7a6-4e49-4aad-8768-1fabf85966eb","11.00","2022-03-21 12:22:13.000","2022-03-21 12:29:41.000","2022-03-21 12:41:24.000","2022-03-21 13:19:33.000","2022-03-21 13:29:46.000","2022-03-21 13:44:34.000","2022-03-21 13:44:34.000","2022-03-21 14:00:05.000","2022-03-21 14:32:29.000","42.350356","-71.103421"
"7a7b13ad-e08f-440e-98ae-00358447798b","d7b4400f-eaca-4c04-a745-957c541029d7","589b2b29-4038-41ad-9ad0-f7885c81fae7","964ee7a6-4e49-4aad-8768-1fabf85966eb","11.00","2022-03-21 11:18:25.000","2022-03-21 11:23:14.000","2022-03-21 11:29:45.000","2022-03-21 12:06:27.000","2022-03-21 12:21:32.000","2022-03-21 12:41:54.000","2022-03-21 12:41:54.000","2022-03-21 12:44:53.000","2022-03-21 13:27:42.000","42.350214","-71.103562"
"7a7b13ad-e08f-440e-98ae-00358447798b","d7b4400f-eaca-4c04-a745-957c541029d7","06d53c9e-dc92-4201-9465-51cca8a7c861","964ee7a6-4e49-4aad-8768-1fabf85966eb","11.00","2022-03-21 11:46:25.000","2022-03-21 11:52:23.000","2022-03-21 12:01:46.000","2022-03-21 12:42:32.000","2022-03-21 12:50:27.000","2022-03-21 13:15:43.000","2022-03-21 13:15:43.000","2022-03-21 13:24:49.000","2022-03-21 13:59:47.000","42.350074","-71.103582"
"7a7b13ad-e08f-440e-98ae-00358447798b","d7b4400f-eaca-4c04-a745-957c541029d7","f5917293-53f5-4576-95c0-be1023b8753f","964ee7a6-4e49-4aad-8768-1fabf85966eb","11.00","2022-03-21 10:38:29.000","2022-03-21 10:43:20.000","2022-03-21 10:50:57.000","2022-03-21 11:38:05.000","2022-03-21 11:48:28.000","2022-03-21 11:57:09.000","2022-03-21 11:57:09.000","2022-03-21 12:00:44.000","2022-03-21 12:38:26.000","42.350158","-71.103465"
"7a7b13ad-e08f-440e-98ae-00358447798b","d7b4400f-eaca-4c04-a745-957c541029d7","fc47e01d-292c-4bce-8ddf-a878bdc5a331","964ee7a6-4e49-4aad-8768-1fabf85966eb","1.00","2022-03-21 10:29:38.000","2022-03-21 10:37:26.000","2022-03-21 10:47:47.000","2022-03-21 11:15:47.000","2022-03-21 11:42:06.000","2022-03-21 11:43:39.000","2022-03-21 11:43:39.000","2022-03-21 11:46:08.000","2022-03-21 12:18:06.000","42.350326","-71.103762"
"7a7b13ad-e08f-440e-98ae-00358447798b","2a166baa-6326-4773-a229-dda6e021b3b9","a9c1492d-279e-4bd9-925f-adede2b0e6ab","964ee7a6-4e49-4aad-8768-1fabf85966eb","9.00","2022-08-25 16:56:18.000","2022-08-25 17:01:41.000","2022-08-25 17:18:43.000","2022-08-25 17:54:03.000","2022-08-25 18:01:24.000","2022-08-25 18:50:40.000","2022-08-25 18:50:40.000","2022-08-25 19:12:50.000","2022-08-25 19:56:09.000","42.350130","-71.102972"
"7a7b13ad-e08f-440e-98ae-00358447798b","2a166baa-6326-4773-a229-dda6e021b3b9","0795bef4-2436-4ec9-a137-c0fa15288eb9","964ee7a6-4e49-4aad-8768-1fabf85966eb","9.00","2022-08-25 16:07:01.000","2022-08-25 16:10:55.000","2022-08-25 16:21:12.000","2022-08-25 16:52:55.000","2022-08-25 17:07:48.000","2022-08-25 17:20:48.000","2022-08-25 17:20:48.000","2022-08-25 17:26:59.000","2022-08-25 17:59:56.000",,
"7a7b13ad-e08f-440e-98ae-00358447798b","2a166baa-6326-4773-a229-dda6e021b3b9","79ceb896-973a-445a-b70a-5f293c83c97f","964ee7a6-4e49-4aad-8768-1fabf85966eb","9.00","2022-08-25 17:23:25.000","2022-08-25 17:29:12.000","2022-08-25 17:45:27.000","2022-08-25 18:19:24.000","2022-08-25 18:55:22.000","2022-08-25 19:34:50.000","2022-08-25 19:34:50.000","2022-08-25 19:46:55.000","2022-08-25 20:27:47.000","42.350018","-71.102701"
"7a7b13ad-e08f-440e-98ae-00358447798b","2a166baa-6326-4773-a229-dda6e021b3b9","c4dfab46-029c-4113-8f13-e3f326e34e64","964ee7a6-4e49-4aad-8768-1fabf85966eb","9.00","2022-08-25 16:25:08.000","2022-08-25 16:28:58.000","2022-08-25 16:35:54.000","2022-08-25 17:06:02.000","2022-08-25 17:22:16.000","2022-08-25 17:28:29.000","2022-08-25 17:28:29.000","2022-08-25 19:27:31.000","2022-08-25 20:14:02.000",,
"7a7b13ad-e08f-440e-98ae-00358447798b","2c408aab-d416-4ca6-b0c8-a47168d4de15","79f5e68c-abd8-4d55-8675-53e6508969e1","964ee7a6-4e49-4aad-8768-1fabf85966eb","11.00","2022-09-13 14:23:37.000","2022-09-13 14:24:43.000","2022-09-13 14:35:10.000","2022-09-13 15:55:53.000","2022-09-13 16:15:10.000","2022-09-13 16:29:24.000","2022-09-13 16:29:24.000","2022-09-13 16:59:37.000","2022-09-13 17:40:32.000",,
"7a7b13ad-e08f-440e-98ae-00358447798b","689a73fa-5b84-4ad8-a932-773836a7a4c4","9e1a9cdf-7d8b-4984-a27a-ea76333df7a7","964ee7a6-4e49-4aad-8768-1fabf85966eb","11.00","2022-04-20 15:19:25.000","2022-04-20 15:27:40.000","2022-04-20 15:33:29.000","2022-04-20 16:17:40.000","2022-04-20 16:52:57.000","2022-04-20 16:59:37.000","2022-04-20 16:59:37.000","2022-04-20 17:15:44.000","2022-04-20 17:47:52.000",,
"7a7b13ad-e08f-440e-98ae-00358447798b","9fdbd957-5695-47d1-905c-59e07c22c664","8c83866d-f2bd-4ba5-a541-92cfdbae3947","964ee7a6-4e49-4aad-8768-1fabf85966eb","7.00","2022-02-16 14:09:59.000","2022-02-16 14:18:20.000","2022-02-16 14:36:58.000","2022-02-16 15:06:36.000","2022-02-16 15:19:49.000",,,"2022-02-16 17:16:55.000","2022-02-16 17:51:15.000","42.349790","-71.102718"
"7a7b13ad-e08f-440e-98ae-00358447798b","9fdbd957-5695-47d1-905c-59e07c22c664","25758181-e720-47e7-80e5-b4d867e660ce","964ee7a6-4e49-4aad-8768-1fabf85966eb","7.00","2022-02-16 15:14:45.000","2022-02-16 15:20:53.000","2022-02-16 15:30:36.000","2022-02-16 16:01:54.000","2022-02-16 17:18:58.000","2022-02-16 19:12:29.000","2022-02-16 19:12:29.000","2022-02-16 19:21:43.000","2022-02-16 19:50:42.000","42.349718","-71.102469"
"7a7b13ad-e08f-440e-98ae-00358447798b","a7e5793d-f4a8-4385-8cbc-c5deefd44fa2","0d317d30-4b78-440c-9572-0f269c23b3cb","964ee7a6-4e49-4aad-8768-1fabf85966eb","11.00","2022-08-17 11:28:12.000","2022-08-17 11:36:20.000","2022-08-17 11:44:47.000","2022-08-17 12:24:02.000","2022-08-17 12:29:38.000","2022-08-17 12:36:51.000","2022-08-17 12:36:51.000","2022-08-17 12:41:48.000","2022-08-17 13:18:58.000","42.350246","-71.102965"
"7a7b13ad-e08f-440e-98ae-00358447798b","a7e5793d-f4a8-4385-8cbc-c5deefd44fa2","eba9c210-11e9-479e-b0fc-28b799b9948b","964ee7a6-4e49-4aad-8768-1fabf85966eb","11.00","2022-08-17 12:03:12.000","2022-08-17 12:05:54.000","2022-08-17 12:20:58.000","2022-08-17 12:56:45.000","2022-08-17 13:08:27.000","2022-08-17 13:16:52.000","2022-08-17 13:16:52.000","2022-08-17 13:22:29.000","2022-08-17 14:00:18.000","42.349820","-71.102772"
"7a7b13ad-e08f-440e-98ae-00358447798b","a7e5793d-f4a8-4385-8cbc-c5deefd44fa2","b26a9c18-a3d3-4b04-9730-17724fc0d114","964ee7a6-4e49-4aad-8768-1fabf85966eb","11.00","2022-08-17 12:49:56.000","2022-08-17 12:54:52.000","2022-08-17 13:11:27.000","2022-08-17 13:45:08.000","2022-08-17 13:49:53.000","2022-08-17 13:59:15.000","2022-08-17 13:59:15.000","2022-08-17 14:04:31.000","2022-08-17 14:34:58.000","42.350044","-71.102884"
"7a7b13ad-e08f-440e-98ae-00358447798b","a7e5793d-f4a8-4385-8cbc-c5deefd44fa2","f760dcd8-2004-46ed-bbda-fe423ef65f1f","964ee7a6-4e49-4aad-8768-1fabf85966eb","11.00","2022-08-17 11:11:52.000","2022-08-17 11:13:14.000","2022-08-17 11:22:15.000","2022-08-17 11:54:18.000","2022-08-17 12:00:02.000","2022-08-17 12:09:18.000","2022-08-17 12:09:18.000","2022-08-17 12:14:16.000","2022-08-17 13:11:13.000","42.350097","-71.102754"
"7a7b13ad-e08f-440e-98ae-00358447798b","a7e5793d-f4a8-4385-8cbc-c5deefd44fa2","6e313175-6d92-4d3f-a401-78d519ea442c","964ee7a6-4e49-4aad-8768-1fabf85966eb","11.00","2022-08-17 11:59:59.000","2022-08-17 11:48:14.000","2022-08-17 12:03:10.000","2022-08-17 12:35:49.000","2022-08-17 12:46:34.000","2022-08-17 12:58:28.000","2022-08-17 12:58:28.000","2022-08-17 13:05:02.000","2022-08-17 13:30:48.000","42.349946","-71.102957"
"7a7b13ad-e08f-440e-98ae-00358447798b","a7e5793d-f4a8-4385-8cbc-c5deefd44fa2","8e9412b0-29b9-4336-9895-c4084674ecea","964ee7a6-4e49-4aad-8768-1fabf85966eb","11.00","2022-08-17 13:08:39.000","2022-08-17 13:16:33.000","2022-08-17 13:28:45.000","2022-08-17 13:54:00.000","2022-08-17 14:08:38.000",,,"2022-08-17 14:43:25.000","2022-08-17 15:20:34.000","42.350045","-71.102906"
"7a7b13ad-e08f-440e-98ae-00358447798b","a7e5793d-f4a8-4385-8cbc-c5deefd44fa2","cff5da41-e79f-4f17-a495-dc995039e800","964ee7a6-4e49-4aad-8768-1fabf85966eb","11.00","2022-08-17 13:44:57.000","2022-08-17 13:52:06.000","2022-08-17 14:02:57.000","2022-08-17 14:34:42.000","2022-08-17 15:25:05.000","2022-08-17 15:47:51.000","2022-08-17 15:47:51.000","2022-08-17 16:15:02.000","2022-08-17 16:45:36.000","42.350201","-71.102612"
"7a7b13ad-e08f-440e-98ae-00358447798b","a7e5793d-f4a8-4385-8cbc-c5deefd44fa2","1bdbc24b-8b34-487f-87b1-e82f7fb5e2b8","964ee7a6-4e49-4aad-8768-1fabf85966eb","11.00","2022-08-17 12:24:32.000","2022-08-17 12:25:13.000","2022-08-17 12:48:16.000","2022-08-17 13:22:13.000","2022-08-17 13:27:16.000",,,"2022-08-17 13:41:49.000","2022-08-17 14:16:06.000","42.349981","-71.103056"
"7a7b13ad-e08f-440e-98ae-00358447798b","a7e5793d-f4a8-4385-8cbc-c5deefd44fa2","1ae6338a-32e5-4bc8-aa54-cb72da7cf06f","964ee7a6-4e49-4aad-8768-1fabf85966eb","11.00","2022-08-17 13:27:01.000","2022-08-17 13:34:27.000","2022-08-17 13:46:01.000","2022-08-17 14:19:56.000","2022-08-17 14:42:11.000","2022-08-17 15:13:01.000","2022-08-17 15:13:01.000","2022-08-17 15:21:04.000","2022-08-17 15:59:40.000","42.350177","-71.102570"
"7a7b13ad-e08f-440e-98ae-00358447798b","63f7bc03-4110-44f6-b25e-71348bdfd16b","78a9b273-e293-4151-bc5e-1ab1dfe61943","964ee7a6-4e49-4aad-8768-1fabf85966eb","8.00","2022-10-12 13:27:24.000","2022-10-12 13:39:31.000","2022-10-12 13:52:42.000","2022-10-12 14:36:20.000","2022-10-12 15:03:48.000","2022-10-12 15:41:52.000","2022-10-12 15:41:52.000","2022-10-12 16:13:59.000","2022-10-12 16:30:47.000","42.349546","-71.103368"
"7a7b13ad-e08f-440e-98ae-00358447798b","63f7bc03-4110-44f6-b25e-71348bdfd16b","0d998b41-f74c-4450-8fb6-d1a398b3ab4f","964ee7a6-4e49-4aad-8768-1fabf85966eb","11.00","2022-10-12 11:28:08.000","2022-10-12 11:33:06.000","2022-10-12 11:46:06.000","2022-10-12 12:50:35.000","2022-10-12 12:59:04.000","2022-10-12 13:11:37.000","2022-10-12 13:11:37.000","2022-10-12 13:16:28.000","2022-10-12 13:39:45.000","42.350125","-71.101984"
"7a7b13ad-e08f-440e-98ae-00358447798b","63f7bc03-4110-44f6-b25e-71348bdfd16b","ee06d844-9f53-4e38-bacd-4f719dccb056","964ee7a6-4e49-4aad-8768-1fabf85966eb","11.00","2022-10-12 12:56:16.000","2022-10-12 13:00:49.000",,"2022-10-12 14:01:53.000","2022-10-12 14:31:15.000",,,"2022-10-12 15:21:53.000","2022-10-12 15:48:52.000","42.350251","-71.101925"
"7a7b13ad-e08f-440e-98ae-00358447798b","63f7bc03-4110-44f6-b25e-71348bdfd16b","12810988-611a-4a99-837f-5aa7b2541c18","964ee7a6-4e49-4aad-8768-1fabf85966eb","11.00","2022-10-12 11:43:09.000","2022-10-12 11:47:29.000","2022-10-12 11:52:26.000","2022-10-12 12:49:39.000","2022-10-12 13:24:58.000","2022-10-12 13:41:28.000","2022-10-12 13:41:28.000","2022-10-12 13:50:41.000","2022-10-12 14:15:46.000",,
"7a7b13ad-e08f-440e-98ae-00358447798b","63f7bc03-4110-44f6-b25e-71348bdfd16b","4083bf32-ccc2-4aef-ba80-719ece1a9f88","964ee7a6-4e49-4aad-8768-1fabf85966eb","11.00",,,,,,,,,,,
"7a7b13ad-e08f-440e-98ae-00358447798b","63f7bc03-4110-44f6-b25e-71348bdfd16b","a564a439-e08f-44e9-be8b-7f43ef1fe162","964ee7a6-4e49-4aad-8768-1fabf85966eb","11.00","2022-10-12 10:51:04.000","2022-10-12 10:57:01.000","2022-10-12 11:06:06.000","2022-10-12 11:57:35.000","2022-10-12 12:18:14.000","2022-10-12 12:44:48.000","2022-10-12 12:44:48.000","2022-10-12 12:52:35.000","2022-10-12 13:40:21.000",,
"7a7b13ad-e08f-440e-98ae-00358447798b","63f7bc03-4110-44f6-b25e-71348bdfd16b","e7c488b7-5096-43d1-b221-788c4181a68f","964ee7a6-4e49-4aad-8768-1fabf85966eb","11.00","2022-10-12 10:28:16.000","2022-10-12 10:34:13.000","2022-10-12 10:43:29.000","2022-10-12 11:32:17.000","2022-10-12 11:41:30.000","2022-10-12 12:03:12.000","2022-10-12 12:03:12.000","2022-10-12 12:10:20.000","2022-10-12 13:02:36.000","42.349940","-71.102183"
"7a7b13ad-e08f-440e-98ae-00358447798b","84715955-55c4-4f2d-bec6-046da1069db5","18bd81e5-a5b7-413b-9202-ddd5ae1bbf99","bee71a1d-573f-4aee-ba50-4438524b0c49","7.00","2022-06-20 17:01:16.000","2022-06-20 17:07:17.000","2022-06-20 17:13:08.000","2022-06-20 18:04:18.000","2022-06-20 18:25:06.000","2022-06-20 18:39:07.000","2022-06-20 18:39:07.000","2022-06-20 18:43:57.000","2022-06-20 19:09:31.000","42.350072","-71.102265"
"7a7b13ad-e08f-440e-98ae-00358447798b","84715955-55c4-4f2d-bec6-046da1069db5","e11109a6-0ba7-4e90-9459-4c019cdecc7e","bee71a1d-573f-4aee-ba50-4438524b0c49","7.00","2022-06-20 16:34:37.000","2022-06-20 16:39:45.000","2022-06-20 17:00:20.000","2022-06-20 17:31:12.000","2022-06-20 18:08:02.000","2022-06-20 18:16:32.000","2022-06-20 18:16:32.000","2022-06-20 18:21:15.000","2022-06-20 18:55:52.000","42.350197","-71.102458"
"7a7b13ad-e08f-440e-98ae-00358447798b","a31c0c64-3e54-404e-a062-e27a4cbeefdf","0d1710cf-6271-44a4-adb6-32a480855b7e","964ee7a6-4e49-4aad-8768-1fabf85966eb","3.00","2022-07-27 15:29:53.000","2022-07-27 15:34:36.000","2022-07-27 15:44:06.000","2022-07-27 16:14:49.000","2022-07-27 16:24:09.000","2022-07-27 17:06:47.000","2022-07-27 17:06:47.000","2022-07-27 17:21:32.000","2022-07-27 17:55:52.000","42.349934","-71.103488"
"7a7b13ad-e08f-440e-98ae-00358447798b","50d99c6d-9e75-480f-99a3-f59140fcd7d4","4c3511c8-9faf-48ec-8df7-69e3e529d9c3","964ee7a6-4e49-4aad-8768-1fabf85966eb","11.00","2022-08-03 16:26:00.000","2022-08-03 16:31:52.000","2022-08-03 16:39:57.000","2022-08-03 17:16:32.000","2022-08-03 17:32:09.000","2022-08-03 17:59:33.000","2022-08-03 17:59:33.000","2022-08-03 18:11:44.000","2022-08-03 18:44:34.000","42.350227","-71.102666"
"7a7b13ad-e08f-440e-98ae-00358447798b","50d99c6d-9e75-480f-99a3-f59140fcd7d4","9a2bb602-73cb-4c00-9733-94f367470ae9","964ee7a6-4e49-4aad-8768-1fabf85966eb","11.00","2022-08-03 15:24:27.000","2022-08-03 15:29:46.000","2022-08-03 15:39:08.000","2022-08-03 16:06:14.000","2022-08-03 16:25:42.000","2022-08-03 16:36:37.000","2022-08-03 16:36:37.000","2022-08-03 16:48:49.000","2022-08-03 18:00:10.000","42.350051","-71.102203"
"7a7b13ad-e08f-440e-98ae-00358447798b","50d99c6d-9e75-480f-99a3-f59140fcd7d4","e5fe09e5-feee-4d7c-959d-2be4876416c9","964ee7a6-4e49-4aad-8768-1fabf85966eb","11.00","2022-08-03 14:49:52.000","2022-08-03 14:57:50.000","2022-08-03 15:09:06.000","2022-08-03 15:50:54.000","2022-08-03 16:08:09.000","2022-08-03 16:22:58.000","2022-08-03 16:22:58.000","2022-08-03 16:35:04.000","2022-08-03 17:12:35.000",,
"7a7b13ad-e08f-440e-98ae-00358447798b","50d99c6d-9e75-480f-99a3-f59140fcd7d4","1598b787-e397-4d22-b8e8-738600a81c7a","964ee7a6-4e49-4aad-8768-1fabf85966eb","11.00","2022-08-03 16:08:05.000","2022-08-03 16:12:14.000","2022-08-03 16:24:05.000","2022-08-03 16:54:59.000","2022-08-03 17:12:39.000","2022-08-03 17:20:40.000","2022-08-03 17:20:40.000","2022-08-03 17:47:48.000","2022-08-03 18:29:56.000","42.350113","-71.102169"
"7a7b13ad-e08f-440e-98ae-00358447798b","7cbdd6ef-a994-4d84-8016-8ed3913e0676","1c8c14c3-a89f-4fd2-a0c5-e8b2fbb87e5b","bee71a1d-573f-4aee-ba50-4438524b0c49","4.00","2022-03-03 13:32:40.000","2022-03-03 13:42:35.000","2022-03-03 13:52:38.000","2022-03-03 14:21:25.000","2022-03-03 15:06:48.000","2022-03-03 18:14:04.000","2022-03-03 18:14:04.000","2022-03-03 18:38:31.000","2022-03-03 19:02:06.000","42.350198","-71.103522"
"7a7b13ad-e08f-440e-98ae-00358447798b","ed3b524c-762e-433b-8263-e0b248edb86b","c9a88a7f-1296-43ed-ab12-f912925e8c93","964ee7a6-4e49-4aad-8768-1fabf85966eb","11.00","2022-09-28 10:51:58.000","2022-09-28 10:57:16.000","2022-09-28 11:05:08.000","2022-09-28 11:49:00.000","2022-09-28 12:22:42.000","2022-09-28 12:47:29.000","2022-09-28 12:47:29.000","2022-09-28 12:50:40.000","2022-09-28 13:51:12.000","42.350043","-71.103263"
"7a7b13ad-e08f-440e-98ae-00358447798b","ed3b524c-762e-433b-8263-e0b248edb86b","0a045c2e-cf12-46b8-8bb5-147df05ed691","964ee7a6-4e49-4aad-8768-1fabf85966eb","11.00","2022-09-28 10:30:43.000","2022-09-28 10:36:06.000","2022-09-28 10:48:25.000","2022-09-28 11:27:53.000","2022-09-28 11:46:09.000","2022-09-28 12:14:59.000","2022-09-28 12:14:59.000","2022-09-28 12:18:03.000","2022-09-28 13:01:20.000","42.349574","-71.100504"
"7a7b13ad-e08f-440e-98ae-00358447798b","ed3b524c-762e-433b-8263-e0b248edb86b","ceece51f-c3af-402d-8529-cc2acee909c1","964ee7a6-4e49-4aad-8768-1fabf85966eb","11.00",,,,,,,,,,,
"7a7b13ad-e08f-440e-98ae-00358447798b","ed3b524c-762e-433b-8263-e0b248edb86b","9680ca89-4b5e-4125-b7c1-ca1796e47baf","964ee7a6-4e49-4aad-8768-1fabf85966eb","11.00","2022-09-28 11:14:20.000","2022-09-28 11:22:22.000","2022-09-28 11:30:11.000","2022-09-28 12:25:33.000","2022-09-28 12:54:02.000","2022-09-28 13:18:41.000","2022-09-28 13:18:41.000","2022-09-28 13:40:01.000","2022-09-28 14:31:39.000","42.350226","-71.103224"
"7a7b13ad-e08f-440e-98ae-00358447798b","9ae6b3cc-2d46-41f9-a9a9-a3ab1b7fe611","f67f9dd3-b18b-4dc5-8522-d6e28f7542d4","bee71a1d-573f-4aee-ba50-4438524b0c49","3.00","2022-07-12 15:30:34.000","2022-07-12 15:39:47.000","2022-07-12 15:53:11.000","2022-07-12 16:28:25.000","2022-07-12 16:33:55.000","2022-07-12 17:26:21.000","2022-07-12 17:26:21.000","2022-07-12 17:34:35.000","2022-07-12 18:32:58.000","42.352853","-71.121077"
"7a7b13ad-e08f-440e-98ae-00358447798b","da914958-d51e-4c72-8746-bb5d2ccde475","0844324d-84d8-4940-81f2-57ac09fee8d6","964ee7a6-4e49-4aad-8768-1fabf85966eb","5.00","2022-08-26 14:48:43.000","2022-08-26 14:54:34.000","2022-08-26 15:05:55.000","2022-08-26 15:38:01.000","2022-08-26 15:45:16.000","2022-08-26 16:00:21.000","2022-08-26 16:00:21.000","2022-08-26 18:13:37.000","2022-08-26 18:52:18.000","42.350524","-71.103172"
"7a7b13ad-e08f-440e-98ae-00358447798b","f81bf386-ec1e-4e75-8dfe-ddda97b88336","f2a12803-a585-43d9-bb1f-ba3dbffb8ad3","964ee7a6-4e49-4aad-8768-1fabf85966eb","11.00","2022-05-23 15:43:16.000","2022-05-23 15:48:22.000","2022-05-23 15:59:04.000","2022-05-23 16:25:53.000","2022-05-23 16:36:02.000","2022-05-23 17:56:01.000","2022-05-23 17:56:01.000","2022-05-23 18:06:40.000","2022-05-23 18:39:45.000","42.350091","-71.103435"
"7a7b13ad-e08f-440e-98ae-00358447798b","97477318-41b4-4c46-97fe-08d131c563ce","02c59be9-e5a0-4573-a2a5-941651d2a106","964ee7a6-4e49-4aad-8768-1fabf85966eb","11.00","2022-10-21 10:46:11.000","2022-10-21 10:51:39.000","2022-10-21 11:01:10.000","2022-10-21 11:34:12.000","2022-10-21 11:48:40.000","2022-10-21 12:04:59.000","2022-10-21 12:04:59.000","2022-10-21 12:11:04.000","2022-10-21 12:46:37.000",,
"7a7b13ad-e08f-440e-98ae-00358447798b","97477318-41b4-4c46-97fe-08d131c563ce","a559ebfe-6505-4336-8252-f86f8c85353c","964ee7a6-4e49-4aad-8768-1fabf85966eb","11.00","2022-10-21 11:56:28.000","2022-10-21 12:01:41.000","2022-10-21 12:11:52.000","2022-10-21 12:49:44.000","2022-10-21 13:05:44.000","2022-10-21 13:17:51.000","2022-10-21 13:17:51.000","2022-10-21 14:37:38.000","2022-10-21 14:59:27.000","42.349724","-71.093574"
"7a7b13ad-e08f-440e-98ae-00358447798b","97477318-41b4-4c46-97fe-08d131c563ce","2f545d2d-fec4-46c8-abed-56084b30f440","964ee7a6-4e49-4aad-8768-1fabf85966eb","11.00","2022-10-21 11:31:44.000","2022-10-21 11:38:00.000","2022-10-21 11:42:36.000","2022-10-21 12:23:39.000","2022-10-21 12:41:52.000","2022-10-21 12:56:17.000","2022-10-21 12:56:17.000","2022-10-21 13:00:21.000","2022-10-21 13:20:01.000",,
"7a7b13ad-e08f-440e-98ae-00358447798b","97477318-41b4-4c46-97fe-08d131c563ce","ec27840b-f9e0-44fd-96ba-7f57e58301e7","964ee7a6-4e49-4aad-8768-1fabf85966eb","11.00","2022-10-21 11:13:45.000","2022-10-21 11:19:36.000","2022-10-21 11:33:44.000","2022-10-21 12:12:39.000","2022-10-21 12:18:08.000","2022-10-21 12:31:46.000","2022-10-21 12:31:46.000","2022-10-21 12:35:42.000","2022-10-21 13:02:29.000","42.349642","-71.103657"
"7a7b13ad-e08f-440e-98ae-00358447798b","97477318-41b4-4c46-97fe-08d131c563ce","ea0f9614-672f-4ca0-9511-f7bc9ac5bbd7","964ee7a6-4e49-4aad-8768-1fabf85966eb","1.00","2022-10-21 10:42:10.000","2022-10-21 10:46:05.000","2022-10-21 11:04:56.000",,,,,"2022-10-21 11:49:03.000","2022-10-21 12:21:52.000",,
"7a7b13ad-e08f-440e-98ae-00358447798b","208e81b1-b4c7-48a4-bdcd-b12f82e9433b","07874d96-3aad-4612-8ac9-2aff39807579","bee71a1d-573f-4aee-ba50-4438524b0c49","9.00","2022-07-20 13:24:22.000","2022-07-20 13:28:28.000","2022-07-20 13:41:10.000","2022-07-20 14:14:45.000","2022-07-20 14:21:15.000","2022-07-20 14:32:36.000","2022-07-20 14:32:36.000","2022-07-20 14:45:17.000","2022-07-20 15:16:16.000","42.350175","-71.103269"
"7a7b13ad-e08f-440e-98ae-00358447798b","6b5ad411-c7a3-40cb-83d2-1f539218b4f9","5d857b57-061b-48ef-b50e-d4c4c267b72a","964ee7a6-4e49-4aad-8768-1fabf85966eb","10.00","2022-06-23 16:26:40.000","2022-06-23 16:32:52.000","2022-06-23 16:43:45.000","2022-06-23 17:15:30.000","2022-06-23 17:32:18.000","2022-06-23 17:47:40.000","2022-06-23 17:47:40.000","2022-06-23 17:56:11.000","2022-06-23 18:41:08.000","42.350153","-71.102804"
"7a7b13ad-e08f-440e-98ae-00358447798b","6b5ad411-c7a3-40cb-83d2-1f539218b4f9","048e003f-3d89-4881-95dc-3ae3c01b9fa7","964ee7a6-4e49-4aad-8768-1fabf85966eb","8.00","2022-06-23 16:52:26.000","2022-06-23 16:58:40.000","2022-06-23 17:15:03.000","2022-06-23 17:50:13.000","2022-06-23 18:06:39.000","2022-06-23 18:25:39.000","2022-06-23 18:25:39.000","2022-06-23 18:41:29.000","2022-06-23 19:28:51.000","42.350311","-71.102615"
"7a7b13ad-e08f-440e-98ae-00358447798b","7db846df-5905-4a59-bbac-c539f08f1bcd","b3c37cdf-5843-4a40-a41e-684e0a9b42c2","964ee7a6-4e49-4aad-8768-1fabf85966eb","11.00","2022-10-19 13:22:24.000","2022-10-19 13:28:43.000","2022-10-19 13:40:16.000","2022-10-19 14:25:33.000","2022-10-19 15:11:51.000","2022-10-19 15:24:34.000","2022-10-19 15:24:34.000","2022-10-19 15:36:10.000","2022-10-19 16:16:13.000","42.349835","-71.103076"
"7a7b13ad-e08f-440e-98ae-00358447798b","7db846df-5905-4a59-bbac-c539f08f1bcd","fe46121e-c8b9-40a6-898f-fed83537450c","964ee7a6-4e49-4aad-8768-1fabf85966eb","11.00","2022-10-19 10:31:56.000","2022-10-19 10:34:45.000","2022-10-19 10:47:54.000","2022-10-19 11:26:54.000","2022-10-19 11:46:31.000","2022-10-19 12:11:09.000","2022-10-19 12:11:09.000","2022-10-19 12:14:41.000","2022-10-19 12:46:38.000","42.349573","-71.102075"
"7a7b13ad-e08f-440e-98ae-00358447798b","7db846df-5905-4a59-bbac-c539f08f1bcd","50172a7c-94e4-4b6c-a961-a351a7feebfd","964ee7a6-4e49-4aad-8768-1fabf85966eb","11.00","2022-10-19 11:35:10.000","2022-10-19 11:40:34.000","2022-10-19 12:00:39.000","2022-10-19 12:44:52.000","2022-10-19 13:07:00.000",,"2022-10-19 13:35:03.000","2022-10-19 13:56:33.000","2022-10-19 13:56:39.000","42.349857","-71.103446"
"7a7b13ad-e08f-440e-98ae-00358447798b","7db846df-5905-4a59-bbac-c539f08f1bcd","f2ee3d1f-74b0-4095-9045-4d3ba17fc3e2","964ee7a6-4e49-4aad-8768-1fabf85966eb","1.00","2022-10-19 10:28:12.000","2022-10-19 10:30:42.000","2022-10-19 10:38:14.000","2022-10-19 11:12:08.000","2022-10-19 11:55:49.000","2022-10-19 12:00:40.000","2022-10-19 12:00:40.000","2022-10-19 12:11:41.000","2022-10-19 12:36:29.000","42.349753","-71.103230"
"7a7b13ad-e08f-440e-98ae-00358447798b","7db846df-5905-4a59-bbac-c539f08f1bcd","e309ae64-c273-4c76-96e2-b524ff4ee02a","964ee7a6-4e49-4aad-8768-1fabf85966eb","11.00","2022-10-19 10:54:41.000","2022-10-19 11:00:29.000","2022-10-19 11:09:20.000","2022-10-19 11:58:02.000","2022-10-19 12:19:18.000","2022-10-19 12:29:58.000","2022-10-19 12:29:58.000","2022-10-19 12:33:08.000","2022-10-19 13:13:58.000","42.349859","-71.103245"
"7a7b13ad-e08f-440e-98ae-00358447798b","7db846df-5905-4a59-bbac-c539f08f1bcd","6a15c4a8-c63d-42ab-b28f-184225df5ed8","964ee7a6-4e49-4aad-8768-1fabf85966eb","11.00","2022-10-19 11:18:02.000","2022-10-19 11:23:52.000","2022-10-19 11:31:06.000","2022-10-19 12:24:25.000","2022-10-19 12:38:48.000","2022-10-19 12:53:15.000","2022-10-19 12:53:15.000","2022-10-19 12:57:41.000","2022-10-19 13:28:25.000","42.349746","-71.103278"
"7a7b13ad-e08f-440e-98ae-00358447798b","7db846df-5905-4a59-bbac-c539f08f1bcd","434ed0d2-f62e-4711-b478-ad8194ce4218","964ee7a6-4e49-4aad-8768-1fabf85966eb","11.00","2022-10-19 12:48:40.000","2022-10-19 12:53:27.000","2022-10-19 13:03:03.000","2022-10-19 13:38:10.000","2022-10-19 13:55:34.000","2022-10-19 14:11:28.000","2022-10-19 14:11:28.000","2022-10-19 14:17:25.000","2022-10-19 15:11:10.000","42.349768","-71.103630"
"7a7b13ad-e08f-440e-98ae-00358447798b","7db846df-5905-4a59-bbac-c539f08f1bcd","9ccbca2b-2d72-427a-a155-f4f7c264a141","964ee7a6-4e49-4aad-8768-1fabf85966eb","6.00","2022-10-19 15:41:27.000","2022-10-19 15:47:28.000","2022-10-19 15:56:33.000","2022-10-19 16:26:00.000","2022-10-19 16:31:25.000","2022-10-19 16:45:53.000","2022-10-19 16:45:53.000","2022-10-19 17:05:16.000","2022-10-19 18:13:16.000","42.350042","-71.103286"
"7a7b13ad-e08f-440e-98ae-00358447798b","7db846df-5905-4a59-bbac-c539f08f1bcd","fba9f61b-d95c-4e3b-b8e9-cf8d9e08356a","964ee7a6-4e49-4aad-8768-1fabf85966eb","11.00","2022-10-19 14:39:39.000","2022-10-19 14:45:35.000","2022-10-19 14:55:43.000","2022-10-19 15:30:47.000","2022-10-19 15:40:44.000","2022-10-19 15:55:28.000","2022-10-19 15:55:28.000","2022-10-19 16:17:53.000","2022-10-19 16:56:00.000","42.349798","-71.103332"
"7a7b13ad-e08f-440e-98ae-00358447798b","7db846df-5905-4a59-bbac-c539f08f1bcd","2504a885-8811-4fbc-8d9b-e8907d72328e","964ee7a6-4e49-4aad-8768-1fabf85966eb","11.00","2022-10-19 12:33:56.000","2022-10-19 12:34:45.000","2022-10-19 12:48:42.000","2022-10-19 13:47:08.000","2022-10-19 14:23:56.000","2022-10-19 14:53:49.000","2022-10-19 14:53:49.000","2022-10-19 15:04:15.000","2022-10-19 15:40:54.000","42.349778","-71.103091"
"7a7b13ad-e08f-440e-98ae-00358447798b","72498141-c42e-4928-8ba6-1868843433b5","8217872f-24b5-4c59-82dc-2f055fe84fb0","964ee7a6-4e49-4aad-8768-1fabf85966eb","6.00","2022-06-03 12:01:31.000","2022-06-03 12:07:01.000","2022-06-03 12:24:28.000","2022-06-03 13:01:02.000","2022-06-03 13:12:44.000","2022-06-03 14:15:31.000","2022-06-03 14:15:31.000","2022-06-03 14:28:32.000","2022-06-03 15:07:33.000","42.350138","-71.103353"
"7a7b13ad-e08f-440e-98ae-00358447798b","5f1b36a1-6896-4189-99c9-eb1189f58de9","ffb5e415-b7ce-40ce-a9ff-ec441a4fb21d","964ee7a6-4e49-4aad-8768-1fabf85966eb","11.00","2022-08-11 14:44:37.000","2022-08-11 14:49:20.000","2022-08-11 14:56:33.000","2022-08-11 15:27:46.000","2022-08-11 15:39:26.000","2022-08-11 16:13:42.000","2022-08-11 16:13:42.000","2022-08-11 16:25:58.000","2022-08-11 17:11:00.000","42.350178","-71.102728"
"7a7b13ad-e08f-440e-98ae-00358447798b","5f1b36a1-6896-4189-99c9-eb1189f58de9","77bf74e8-426a-4286-9b1f-91cf68e352cb","964ee7a6-4e49-4aad-8768-1fabf85966eb","11.00","2022-08-11 15:22:50.000","2022-08-11 15:27:28.000","2022-08-11 15:36:57.000","2022-08-11 16:07:15.000","2022-08-11 17:15:39.000","2022-08-11 18:16:46.000","2022-08-11 18:16:46.000","2022-08-11 18:31:46.000","2022-08-11 19:09:20.000","42.350120","-71.103309"
"7a7b13ad-e08f-440e-98ae-00358447798b","5f1b36a1-6896-4189-99c9-eb1189f58de9","d1498744-f8a7-48f5-9a7a-8dcda33f02f1","964ee7a6-4e49-4aad-8768-1fabf85966eb","11.00","2022-08-11 15:10:56.000","2022-08-11 15:15:54.000","2022-08-11 15:24:34.000","2022-08-11 15:55:53.000","2022-08-11 16:30:18.000","2022-08-11 17:15:02.000","2022-08-11 17:15:02.000","2022-08-11 17:41:27.000","2022-08-11 18:14:07.000",,
"7a7b13ad-e08f-440e-98ae-00358447798b","8839777c-3672-4dfb-96e1-caaf387f0cb1","daabf235-c07f-44fc-9bf3-ccc33251e2be","964ee7a6-4e49-4aad-8768-1fabf85966eb","11.00","2022-10-27 11:45:45.000","2022-10-27 11:51:24.000","2022-10-27 12:00:10.000","2022-10-27 12:57:41.000","2022-10-27 13:23:28.000","2022-10-27 13:39:41.000","2022-10-27 13:39:41.000","2022-10-27 14:05:58.000","2022-10-27 14:42:29.000","42.350076","-71.103459"
"7a7b13ad-e08f-440e-98ae-00358447798b","8839777c-3672-4dfb-96e1-caaf387f0cb1","80e65f59-d193-4541-936b-6549f6561686","964ee7a6-4e49-4aad-8768-1fabf85966eb","11.00","2022-10-27 10:59:39.000","2022-10-27 11:07:23.000","2022-10-27 11:18:13.000","2022-10-27 12:12:46.000","2022-10-27 12:32:43.000","2022-10-27 12:48:29.000","2022-10-27 12:48:29.000","2022-10-27 12:51:01.000","2022-10-27 13:25:31.000","42.349955","-71.103623"
"7a7b13ad-e08f-440e-98ae-00358447798b","8839777c-3672-4dfb-96e1-caaf387f0cb1","64485287-3a27-49a7-bc04-35cd065c82f9","964ee7a6-4e49-4aad-8768-1fabf85966eb","1.00","2022-10-27 10:13:40.000","2022-10-27 10:18:10.000","2022-10-27 10:32:03.000","2022-10-27 11:03:08.000","2022-10-27 11:23:21.000","2022-10-27 11:25:48.000","2022-10-27 11:25:48.000","2022-10-27 11:27:54.000","2022-10-27 12:13:53.000","42.350050","-71.103400"
"7a7b13ad-e08f-440e-98ae-00358447798b","8839777c-3672-4dfb-96e1-caaf387f0cb1","9f7e3dc4-baf6-4a80-b284-fc153c6c34af","964ee7a6-4e49-4aad-8768-1fabf85966eb","11.00","2022-10-27 10:32:03.000","2022-10-27 10:38:05.000","2022-10-27 10:56:29.000","2022-10-27 11:35:11.000","2022-10-27 11:56:50.000","2022-10-27 12:24:21.000","2022-10-27 12:24:21.000","2022-10-27 12:28:30.000","2022-10-27 13:12:42.000","42.349838","-71.103471"
"7a7b13ad-e08f-440e-98ae-00358447798b","8839777c-3672-4dfb-96e1-caaf387f0cb1","93f272cd-f7c5-45cb-8ab3-2a12fcb072a6","964ee7a6-4e49-4aad-8768-1fabf85966eb","11.00","2022-10-27 10:17:19.000","2022-10-27 10:22:27.000","2022-10-27 10:38:37.000","2022-10-27 11:10:51.000","2022-10-27 11:33:07.000","2022-10-27 11:48:39.000","2022-10-27 11:48:39.000","2022-10-27 11:52:53.000","2022-10-27 12:32:32.000","42.349952","-71.103673"
"7a7b13ad-e08f-440e-98ae-00358447798b","8839777c-3672-4dfb-96e1-caaf387f0cb1","181e6b8f-98da-4a81-b4c6-f6213d4a008b","964ee7a6-4e49-4aad-8768-1fabf85966eb","8.00","2022-10-27 13:24:51.000","2022-10-27 13:31:23.000","2022-10-27 13:49:24.000","2022-10-27 14:27:45.000","2022-10-27 14:35:57.000","2022-10-27 15:44:39.000","2022-10-27 15:44:39.000","2022-10-27 15:56:17.000","2022-10-27 16:26:49.000","42.350052","-71.103380"
"7a7b13ad-e08f-440e-98ae-00358447798b","8839777c-3672-4dfb-96e1-caaf387f0cb1","32298723-415e-49f2-abb6-3a993cce288b","964ee7a6-4e49-4aad-8768-1fabf85966eb","11.00","2022-10-27 11:28:06.000","2022-10-27 11:33:47.000","2022-10-27 11:41:46.000","2022-10-27 12:34:28.000","2022-10-27 12:54:32.000","2022-10-27 13:13:29.000","2022-10-27 13:13:29.000","2022-10-27 13:16:42.000","2022-10-27 13:44:17.000","42.349943","-71.103501"
"7a7b13ad-e08f-440e-98ae-00358447798b","c6bf39c3-1a6c-4021-a100-8aea74e9db40","67e731fb-ae01-49e0-a34e-76b4294b2198","964ee7a6-4e49-4aad-8768-1fabf85966eb","10.00","2022-08-15 15:01:24.000","2022-08-15 15:05:30.000","2022-08-15 15:16:25.000","2022-08-15 15:43:54.000","2022-08-15 15:50:56.000","2022-08-15 16:31:50.000","2022-08-15 16:31:50.000","2022-08-15 16:42:24.000","2022-08-15 17:07:04.000","42.349862","-71.103597"
"7a7b13ad-e08f-440e-98ae-00358447798b","7f1ef733-c5e0-414b-89b0-1779ea41c750","d8077f4a-eaed-4174-b6f5-947c835ea88b","964ee7a6-4e49-4aad-8768-1fabf85966eb","10.00","2022-09-09 16:34:06.000","2022-09-09 16:38:35.000","2022-09-09 16:46:44.000","2022-09-09 17:20:52.000","2022-09-09 17:32:15.000","2022-09-09 17:45:41.000","2022-09-09 17:45:41.000","2022-09-09 17:54:20.000","2022-09-09 18:32:47.000","42.350232","-71.103392"
"7a7b13ad-e08f-440e-98ae-00358447798b","7f1ef733-c5e0-414b-89b0-1779ea41c750","e5362d59-e986-4785-b9a3-ba3d0b67fe01","964ee7a6-4e49-4aad-8768-1fabf85966eb","7.00","2022-09-09 16:50:58.000","2022-09-09 16:54:45.000","2022-09-09 17:02:17.000","2022-09-09 17:38:25.000","2022-09-09 17:57:36.000","2022-09-09 18:24:44.000","2022-09-09 18:24:44.000","2022-09-09 18:44:57.000","2022-09-09 19:37:58.000",,
"7a7b13ad-e08f-440e-98ae-00358447798b","7f1ef733-c5e0-414b-89b0-1779ea41c750","12bf54c5-2287-44e3-a145-922e0671ffc7","964ee7a6-4e49-4aad-8768-1fabf85966eb","10.00",,,,,,,,,,,
"7a7b13ad-e08f-440e-98ae-00358447798b","8dc1da31-7083-42b0-b914-f329e840ca12","8c1805de-8a16-4f95-b708-d258676e3acd","964ee7a6-4e49-4aad-8768-1fabf85966eb","10.00","2022-06-27 16:45:27.000","2022-06-27 16:49:50.000","2022-06-27 17:06:57.000","2022-06-27 17:35:36.000","2022-06-27 18:14:18.000","2022-06-27 18:21:31.000","2022-06-27 18:21:31.000","2022-06-27 18:24:28.000","2022-06-27 19:03:18.000","42.350158","-71.103034"
"7a7b13ad-e08f-440e-98ae-00358447798b","8dc1da31-7083-42b0-b914-f329e840ca12","e3ac0660-5898-4530-bd2a-81df92fe7f8e","964ee7a6-4e49-4aad-8768-1fabf85966eb","8.00","2022-06-27 17:23:20.000","2022-06-27 17:29:58.000","2022-06-27 17:33:16.000","2022-06-27 18:10:39.000","2022-06-27 18:27:52.000","2022-06-27 18:40:37.000","2022-06-27 18:40:37.000","2022-06-27 18:49:45.000","2022-06-27 19:40:52.000","42.350183","-71.103142"
"7a7b13ad-e08f-440e-98ae-00358447798b","8dc1da31-7083-42b0-b914-f329e840ca12","745e5100-8812-4c6f-a33e-8a975bb03ab1","964ee7a6-4e49-4aad-8768-1fabf85966eb","10.00","2022-06-27 15:38:22.000","2022-06-27 15:45:42.000","2022-06-27 15:59:51.000","2022-06-27 16:27:31.000","2022-06-27 16:47:21.000","2022-06-27 16:52:30.000","2022-06-27 16:52:30.000","2022-06-27 17:05:06.000","2022-06-27 17:46:39.000","42.350214","-71.103312"
"7a7b13ad-e08f-440e-98ae-00358447798b","8dc1da31-7083-42b0-b914-f329e840ca12","f21e5ca0-c3b9-4567-b91f-946c4ad59774","964ee7a6-4e49-4aad-8768-1fabf85966eb","11.00",,,,,,,,,,,
"7a7b13ad-e08f-440e-98ae-00358447798b","8dc1da31-7083-42b0-b914-f329e840ca12","70d7f8f1-87ff-42c1-affb-64a78e1d85d6","964ee7a6-4e49-4aad-8768-1fabf85966eb","10.00","2022-06-27 16:23:28.000","2022-06-27 16:29:47.000","2022-06-27 16:39:16.000","2022-06-27 17:10:57.000","2022-06-27 17:55:30.000","2022-06-27 18:03:34.000","2022-06-27 18:03:34.000","2022-06-27 18:11:00.000","2022-06-27 19:00:14.000",,
"7a7b13ad-e08f-440e-98ae-00358447798b","8dc1da31-7083-42b0-b914-f329e840ca12","bb8b808d-e24b-4812-b2c4-ed4fa2f3ff8d","964ee7a6-4e49-4aad-8768-1fabf85966eb","10.00","2022-06-27 15:57:59.000","2022-06-27 16:04:50.000","2022-06-27 16:12:50.000","2022-06-27 16:38:56.000","2022-06-27 17:30:23.000","2022-06-27 17:47:47.000","2022-06-27 17:47:47.000","2022-06-27 17:51:50.000","2022-06-27 18:35:30.000","42.350072","-71.102889"
"7a7b13ad-e08f-440e-98ae-00358447798b","8dc85d8c-bc1a-4b8e-ab5a-f7b104940ab9","a73226ed-6393-4f6b-87e1-9866e454c2c3","bee71a1d-573f-4aee-ba50-4438524b0c49","10.00","2022-07-25 13:12:34.000","2022-07-25 13:22:13.000","2022-07-25 13:29:33.000","2022-07-25 13:53:27.000","2022-07-25 14:47:54.000","2022-07-25 15:55:34.000","2022-07-25 15:55:34.000","2022-07-25 16:12:14.000","2022-07-25 17:03:06.000",,
"7a7b13ad-e08f-440e-98ae-00358447798b","8dc85d8c-bc1a-4b8e-ab5a-f7b104940ab9","605977c3-e2c4-4b44-910d-72cc46276487","bee71a1d-573f-4aee-ba50-4438524b0c49","10.00","2022-07-25 12:29:29.000","2022-07-25 12:35:21.000","2022-07-25 12:48:37.000","2022-07-25 13:21:25.000","2022-07-25 13:46:56.000","2022-07-25 14:21:43.000","2022-07-25 14:21:43.000","2022-07-25 15:53:41.000","2022-07-25 16:21:10.000","42.349840","-71.103918"
"7a7b13ad-e08f-440e-98ae-00358447798b","8dc85d8c-bc1a-4b8e-ab5a-f7b104940ab9","533ae542-a419-4865-bc42-5016d8f00d84","bee71a1d-573f-4aee-ba50-4438524b0c49","10.00","2022-07-25 11:43:46.000","2022-07-25 11:52:42.000","2022-07-25 12:04:58.000","2022-07-25 12:35:11.000","2022-07-25 12:52:54.000","2022-07-25 13:34:57.000","2022-07-25 13:34:57.000","2022-07-25 13:37:30.000","2022-07-25 14:05:59.000","42.349850","-71.103514"
"7a7b13ad-e08f-440e-98ae-00358447798b","adef7703-b288-4ee8-ba6d-71c98c70d6df","e1a5bfc3-5318-4bf8-a213-5e1fbdd870ab","964ee7a6-4e49-4aad-8768-1fabf85966eb","10.00","2022-08-01 15:44:40.000","2022-08-01 15:46:48.000","2022-08-01 15:58:20.000","2022-08-01 16:35:39.000","2022-08-01 17:41:45.000","2022-08-01 18:34:18.000","2022-08-01 18:34:18.000","2022-08-01 20:04:18.000","2022-08-01 20:04:22.000","42.350067","-71.102675"
"7a7b13ad-e08f-440e-98ae-00358447798b","adef7703-b288-4ee8-ba6d-71c98c70d6df","b3c65611-e2c2-4cee-82ae-2250846352aa","964ee7a6-4e49-4aad-8768-1fabf85966eb","6.00","2022-08-01 16:14:27.000","2022-08-01 16:18:37.000","2022-08-01 16:26:44.000","2022-08-01 16:54:21.000","2022-08-01 17:12:36.000","2022-08-01 18:25:16.000","2022-08-01 18:25:16.000","2022-08-01 18:56:32.000","2022-08-01 19:27:43.000","42.350048","-71.101815"
"7a7b13ad-e08f-440e-98ae-00358447798b","adef7703-b288-4ee8-ba6d-71c98c70d6df","91e52925-5a69-4998-b170-3fa3f0e00ee6","964ee7a6-4e49-4aad-8768-1fabf85966eb","11.00","2022-08-01 14:15:46.000","2022-08-01 14:20:36.000","2022-08-01 14:28:40.000","2022-08-01 14:57:20.000","2022-08-01 15:18:30.000","2022-08-01 15:40:38.000","2022-08-01 15:40:38.000","2022-08-01 15:46:05.000","2022-08-01 16:22:47.000","42.350158","-71.103570"
"7a7b13ad-e08f-440e-98ae-00358447798b","adef7703-b288-4ee8-ba6d-71c98c70d6df","0ae8da6e-96ce-49e4-8414-48c62d5eef64","964ee7a6-4e49-4aad-8768-1fabf85966eb","10.00","2022-08-01 14:35:09.000","2022-08-01 14:41:26.000","2022-08-01 14:52:58.000","2022-08-01 15:29:03.000","2022-08-01 15:51:53.000","2022-08-01 16:54:56.000","2022-08-01 16:54:56.000","2022-08-01 17:33:04.000","2022-08-01 18:06:57.000","42.349541","-71.103351"
"7a7b13ad-e08f-440e-98ae-00358447798b","adef7703-b288-4ee8-ba6d-71c98c70d6df","a74ea6ac-26fb-4530-8ff4-83d95b7c8053","964ee7a6-4e49-4aad-8768-1fabf85966eb","11.00","2022-08-01 13:58:53.000","2022-08-01 14:03:25.000","2022-08-01 14:15:49.000","2022-08-01 14:44:33.000","2022-08-01 14:52:06.000","2022-08-01 15:10:02.000","2022-08-01 15:10:02.000","2022-08-01 15:14:32.000","2022-08-01 15:45:22.000","42.350375","-71.103494"
"7a7b13ad-e08f-440e-98ae-00358447798b","dd81a8d6-7117-4a82-9480-08734450b5a9","eba80ccd-bca4-43bd-b463-80d2d97d18aa","964ee7a6-4e49-4aad-8768-1fabf85966eb","11.00","2022-08-02 17:00:36.000","2022-08-02 17:03:39.000","2022-08-02 17:15:14.000","2022-08-02 17:52:50.000","2022-08-02 17:56:33.000","2022-08-02 18:05:05.000","2022-08-02 18:05:05.000","2022-08-02 18:14:31.000","2022-08-02 18:42:28.000","42.350080","-71.102420"
"7a7b13ad-e08f-440e-98ae-00358447798b","dd81a8d6-7117-4a82-9480-08734450b5a9","ac50a672-5c35-4477-952b-7a265dc03459","964ee7a6-4e49-4aad-8768-1fabf85966eb","11.00","2022-08-02 16:22:57.000","2022-08-02 16:29:50.000","2022-08-02 16:38:33.000","2022-08-02 17:23:11.000","2022-08-02 17:27:04.000","2022-08-02 17:53:51.000","2022-08-02 17:53:51.000","2022-08-02 18:02:59.000","2022-08-02 19:00:57.000","42.350137","-71.102352"
"7a7b13ad-e08f-440e-98ae-00358447798b","dd81a8d6-7117-4a82-9480-08734450b5a9","10e3cfac-00e5-4586-9f17-004915f17ac6","964ee7a6-4e49-4aad-8768-1fabf85966eb","11.00","2022-08-02 17:34:45.000","2022-08-02 17:42:44.000","2022-08-02 17:51:01.000","2022-08-02 18:19:47.000","2022-08-02 18:28:42.000","2022-08-02 18:40:06.000","2022-08-02 18:40:06.000","2022-08-02 18:49:36.000","2022-08-02 19:16:00.000","42.350051","-71.103066"
"7a7b13ad-e08f-440e-98ae-00358447798b","dd81a8d6-7117-4a82-9480-08734450b5a9","30b24437-d3d0-480c-a565-4848f7dd8880","964ee7a6-4e49-4aad-8768-1fabf85966eb","11.00","2022-08-02 16:10:02.000","2022-08-02 16:15:51.000","2022-08-02 16:21:22.000","2022-08-02 16:50:33.000","2022-08-02 17:05:05.000","2022-08-02 17:22:54.000","2022-08-02 17:22:54.000","2022-08-02 17:45:10.000","2022-08-02 18:29:27.000","42.350280","-71.101908"
"7a7b13ad-e08f-440e-98ae-00358447798b","b496d4e5-8963-4d4b-8c0c-5f77e272b74a","e71bce22-1e9b-4562-8316-639a18aafd43","964ee7a6-4e49-4aad-8768-1fabf85966eb","7.00","2022-11-10 15:08:46.000","2022-11-10 15:14:37.000","2022-11-10 15:27:05.000","2022-11-10 16:03:23.000","2022-11-10 16:36:27.000",,"2022-11-10 17:16:16.000","2022-11-10 17:21:35.000","2022-11-10 17:48:29.000","42.349721","-71.103475"
"7a7b13ad-e08f-440e-98ae-00358447798b","33b436ed-bff5-4909-b898-17a8c46778ee","f9f3e092-59d1-4bd6-9c89-4a09f1c85ccc","964ee7a6-4e49-4aad-8768-1fabf85966eb","10.00","2022-09-26 14:33:47.000","2022-09-26 14:39:21.000","2022-09-26 14:49:07.000","2022-09-26 15:20:51.000","2022-09-26 15:36:23.000","2022-09-26 16:06:25.000","2022-09-26 16:06:25.000","2022-09-26 16:39:20.000","2022-09-26 16:49:48.000","42.349777","-71.103646"
"7a7b13ad-e08f-440e-98ae-00358447798b","5db84806-41d1-4591-866e-bbf3c73a674e","51d3bf5f-a019-4897-9106-c300c50cdf21","964ee7a6-4e49-4aad-8768-1fabf85966eb","11.00","2022-12-02 14:27:30.000","2022-12-02 14:31:19.000","2022-12-02 14:39:43.000","2022-12-02 15:12:26.000","2022-12-02 15:20:56.000","2022-12-02 15:51:58.000","2022-12-02 15:51:58.000","2022-12-02 16:09:46.000","2022-12-02 16:43:31.000","42.349848","-71.103540"
"7a7b13ad-e08f-440e-98ae-00358447798b","5e67f64d-98e5-4474-abf1-1c8c5d6bfe13","be77244f-b16a-4894-a467-14a08ddda35b","964ee7a6-4e49-4aad-8768-1fabf85966eb","4.00","2022-01-28 13:49:04.000","2022-01-28 14:00:42.000","2022-01-28 14:09:00.000","2022-01-28 14:36:56.000","2022-01-28 15:08:54.000","2022-01-28 16:14:30.000","2022-01-28 16:14:30.000","2022-01-28 16:56:54.000","2022-01-28 18:00:44.000",,
"7a7b13ad-e08f-440e-98ae-00358447798b","8efaadad-c9a0-436e-a9b4-35f4f9b8d9ec","d68515cf-c145-4fd6-bd36-fbca6f07afa5","bee71a1d-573f-4aee-ba50-4438524b0c49","9.00","2022-07-06 16:22:34.000","2022-07-06 16:26:20.000","2022-07-06 16:43:40.000","2022-07-06 17:25:48.000","2022-07-06 17:29:08.000","2022-07-06 18:05:39.000","2022-07-06 18:05:39.000","2022-07-06 18:18:48.000","2022-07-06 18:46:52.000","42.350117","-71.102260"
"7a7b13ad-e08f-440e-98ae-00358447798b","8efaadad-c9a0-436e-a9b4-35f4f9b8d9ec","15615616-7299-4214-bf2c-8416e9684950","bee71a1d-573f-4aee-ba50-4438524b0c49","9.00","2022-07-06 16:04:51.000","2022-07-06 16:09:02.000","2022-07-06 16:20:35.000","2022-07-06 16:55:17.000","2022-07-06 17:16:06.000","2022-07-06 17:22:33.000","2022-07-06 17:22:33.000","2022-07-06 17:24:39.000","2022-07-06 18:06:27.000","42.350103","-71.101916"
"7a7b13ad-e08f-440e-98ae-00358447798b","8efaadad-c9a0-436e-a9b4-35f4f9b8d9ec","3146d987-4d00-4025-9473-84dc5580ad9b","bee71a1d-573f-4aee-ba50-4438524b0c49","9.00","2022-07-06 15:43:40.000","2022-07-06 15:47:01.000","2022-07-06 15:59:14.000","2022-07-06 16:30:44.000","2022-07-06 16:33:40.000","2022-07-06 16:51:40.000","2022-07-06 16:51:40.000","2022-07-06 16:54:53.000","2022-07-06 17:22:49.000","42.350114","-71.102176"
"7a7b13ad-e08f-440e-98ae-00358447798b","8efaadad-c9a0-436e-a9b4-35f4f9b8d9ec","39632508-bc3c-458f-b53f-8837e1d7dfa1","bee71a1d-573f-4aee-ba50-4438524b0c49","9.00","2022-07-06 15:26:53.000","2022-07-06 15:31:28.000","2022-07-06 15:49:08.000","2022-07-06 16:16:04.000","2022-07-06 16:20:51.000","2022-07-06 16:28:14.000","2022-07-06 16:28:14.000","2022-07-06 16:29:58.000","2022-07-06 17:24:57.000","42.350109","-71.102395"
"7a7b13ad-e08f-440e-98ae-00358447798b","1e4db5a4-23eb-4ef5-9ac4-69343d99c6ea","e8a07eb1-e69f-4b22-8461-abd5c912f1d6","964ee7a6-4e49-4aad-8768-1fabf85966eb","6.00","2022-10-31 14:36:13.000","2022-10-31 14:39:34.000","2022-10-31 15:00:12.000","2022-10-31 15:30:24.000","2022-10-31 15:41:20.000","2022-10-31 16:29:56.000","2022-10-31 16:29:56.000","2022-10-31 16:30:23.000","2022-10-31 18:10:59.000","42.350120","-71.102962"
"7a7b13ad-e08f-440e-98ae-00358447798b","5a6d5cbf-e224-4135-a806-256b136b2404","83ada76e-37a8-43e3-a9dc-a6cb7aeafc97","bee71a1d-573f-4aee-ba50-4438524b0c49","7.00","2022-09-16 14:36:32.000","2022-09-16 14:40:01.000","2022-09-16 14:55:16.000","2022-09-16 15:33:15.000","2022-09-16 15:49:51.000","2022-09-16 16:17:51.000","2022-09-16 16:17:51.000","2022-09-16 16:35:23.000","2022-09-16 17:16:55.000","42.350484","-71.103284"
"7a7b13ad-e08f-440e-98ae-00358447798b","5a6d5cbf-e224-4135-a806-256b136b2404","4cca9768-3ac9-4c8b-91dc-9d371a9721aa","bee71a1d-573f-4aee-ba50-4438524b0c49","6.00","2022-09-16 14:15:19.000","2022-09-16 14:18:21.000","2022-09-16 14:34:16.000","2022-09-16 15:05:38.000","2022-09-16 15:25:24.000","2022-09-16 15:31:06.000","2022-09-16 15:31:06.000","2022-09-16 15:42:42.000","2022-09-16 16:12:22.000","42.350245","-71.103521"
"7a7b13ad-e08f-440e-98ae-00358447798b","4c72f353-85f4-438b-a72c-24e965d1b128","551f8189-cbab-4ed7-bc41-9d0ca911ded0","964ee7a6-4e49-4aad-8768-1fabf85966eb","11.00","2022-11-18 14:11:50.000","2022-11-18 14:19:41.000","2022-11-18 14:34:46.000","2022-11-18 15:12:10.000","2022-11-18 15:24:49.000","2022-11-18 16:55:42.000","2022-11-18 16:55:42.000","2022-11-18 17:16:09.000","2022-11-18 17:41:49.000","42.349715","-71.102866"
"7a7b13ad-e08f-440e-98ae-00358447798b","4c72f353-85f4-438b-a72c-24e965d1b128","6e885d69-19e3-41e5-967e-51f9fd0a1054","964ee7a6-4e49-4aad-8768-1fabf85966eb","11.00","2022-11-18 16:10:17.000","2022-11-18 16:16:04.000","2022-11-18 16:30:04.000","2022-11-18 16:57:07.000","2022-11-18 17:02:01.000","2022-11-18 18:07:42.000","2022-11-18 18:07:42.000","2022-11-18 18:26:08.000","2022-11-18 19:28:51.000","42.350156","-71.103288"
"7a7b13ad-e08f-440e-98ae-00358447798b","4c72f353-85f4-438b-a72c-24e965d1b128","31a83132-f745-4b62-b4b9-5aea5accb77c","964ee7a6-4e49-4aad-8768-1fabf85966eb","11.00","2022-11-18 12:14:39.000","2022-11-18 12:18:39.000","2022-11-18 12:29:32.000","2022-11-18 13:07:43.000","2022-11-18 13:16:13.000","2022-11-18 14:05:05.000","2022-11-18 14:05:05.000","2022-11-18 14:19:00.000","2022-11-18 15:16:08.000","42.349946","-71.103187"
"7a7b13ad-e08f-440e-98ae-00358447798b","0a2b12e7-6adf-4f4a-9c2d-c5420c53a890","fe19eb34-24d1-49ad-83cb-4adbc6319cf4","964ee7a6-4e49-4aad-8768-1fabf85966eb","9.00","2022-07-13 14:00:33.000","2022-07-13 14:09:04.000","2022-07-13 14:19:14.000","2022-07-13 15:15:24.000","2022-07-13 15:33:38.000","2022-07-13 15:51:04.000","2022-07-13 15:51:04.000",,"2022-07-13 16:12:34.000","42.349533","-71.102982"
"7a7b13ad-e08f-440e-98ae-00358447798b","0a2b12e7-6adf-4f4a-9c2d-c5420c53a890","d9537f04-da59-4fb0-ac5d-ba68a5c6378f","964ee7a6-4e49-4aad-8768-1fabf85966eb","9.00","2022-07-13 13:36:21.000","2022-07-13 13:44:51.000","2022-07-13 13:50:18.000","2022-07-13 14:47:19.000","2022-07-13 15:08:43.000","2022-07-13 15:30:07.000","2022-07-13 15:30:07.000","2022-07-13 15:33:57.000","2022-07-13 16:30:41.000","42.350072","-71.102688"
"7a7b13ad-e08f-440e-98ae-00358447798b","0a2b12e7-6adf-4f4a-9c2d-c5420c53a890","21822a40-0a29-4045-9b4c-a73d2814730b","964ee7a6-4e49-4aad-8768-1fabf85966eb","9.00","2022-07-13 13:23:27.000","2022-07-13 13:30:04.000","2022-07-13 13:43:33.000","2022-07-13 14:25:04.000","2022-07-13 14:44:09.000","2022-07-13 15:07:02.000","2022-07-13 15:07:02.000","2022-07-13 15:26:27.000","2022-07-13 15:37:54.000","42.350274","-71.102541"
"7a7b13ad-e08f-440e-98ae-00358447798b","0a2b12e7-6adf-4f4a-9c2d-c5420c53a890","41b0c81a-8b0c-4e09-aa5c-e09f311dc3f7","964ee7a6-4e49-4aad-8768-1fabf85966eb","9.00","2022-07-13 12:49:22.000","2022-07-13 12:59:18.000","2022-07-13 13:09:37.000","2022-07-13 13:53:21.000","2022-07-13 14:12:00.000","2022-07-13 14:35:28.000","2022-07-13 14:35:28.000","2022-07-13 14:44:11.000","2022-07-13 15:17:25.000","42.350025","-71.102584"
"7a7b13ad-e08f-440e-98ae-00358447798b","0a2b12e7-6adf-4f4a-9c2d-c5420c53a890","e0381954-19de-44fc-9457-8c37b194678f","964ee7a6-4e49-4aad-8768-1fabf85966eb","6.00","2022-07-13 14:19:14.000","2022-07-13 14:21:04.000","2022-07-13 14:32:36.000","2022-07-13 14:59:21.000","2022-07-13 15:46:57.000","2022-07-13 15:54:02.000","2022-07-13 15:54:02.000","2022-07-13 16:08:34.000","2022-07-13 16:51:01.000","42.350038","-71.102719"
"7a7b13ad-e08f-440e-98ae-00358447798b","0a2b12e7-6adf-4f4a-9c2d-c5420c53a890","c625898f-a05f-4183-a5f0-d5b84bda41d2","964ee7a6-4e49-4aad-8768-1fabf85966eb","4.00","2022-07-13 15:58:18.000","2022-07-13 16:02:35.000","2022-07-13 16:20:42.000","2022-07-13 16:47:37.000","2022-07-13 16:52:29.000","2022-07-13 17:47:10.000","2022-07-13 17:47:10.000","2022-07-13 17:54:56.000","2022-07-13 18:22:14.000",,
"7a7b13ad-e08f-440e-98ae-00358447798b","dc6d6c4f-0399-45fb-b25d-41be39adcf1d","5ee36fc4-0d44-4966-99fb-4a8b77b8e014","964ee7a6-4e49-4aad-8768-1fabf85966eb","6.00","2022-02-11 11:44:30.000","2022-02-11 11:48:12.000","2022-02-11 11:55:20.000","2022-02-11 12:28:30.000","2022-02-11 13:04:11.000","2022-02-11 13:47:22.000","2022-02-11 13:47:22.000","2022-02-11 13:52:41.000","2022-02-11 14:30:20.000","42.350191","-71.102958"
"7a7b13ad-e08f-440e-98ae-00358447798b","dc6d6c4f-0399-45fb-b25d-41be39adcf1d","7aa6b717-d51a-46a7-bf11-80f444b045cc","964ee7a6-4e49-4aad-8768-1fabf85966eb","6.00","2022-02-11 12:42:33.000","2022-02-11 12:45:55.000","2022-02-11 12:52:45.000","2022-02-11 13:33:22.000","2022-02-11 13:55:49.000","2022-02-11 15:07:53.000","2022-02-11 15:07:53.000","2022-02-11 15:24:54.000","2022-02-11 15:51:27.000","42.350041","-71.103104"
"7a7b13ad-e08f-440e-98ae-00358447798b","b3b7abc2-af33-4ddb-acf8-bc2ad129ac92","550f6a98-db2d-4dea-9d24-bf3d05939398","bee71a1d-573f-4aee-ba50-4438524b0c49","9.00","2022-08-30 15:46:04.000","2022-08-30 15:52:41.000","2022-08-30 16:03:29.000","2022-08-30 16:32:23.000","2022-08-30 16:41:43.000","2022-08-30 17:54:29.000","2022-08-30 17:54:29.000","2022-08-30 18:09:33.000","2022-08-30 18:45:40.000","42.349349","-71.102864"
"7a7b13ad-e08f-440e-98ae-00358447798b","59792f6b-018b-4645-b82b-66abeefcc335","9d6ff173-f740-404f-bd5b-ed605e30cb7c","964ee7a6-4e49-4aad-8768-1fabf85966eb","11.00","2022-10-11 11:03:20.000","2022-10-11 11:08:04.000","2022-10-11 11:14:22.000","2022-10-11 11:59:33.000","2022-10-11 12:10:36.000",,"2022-10-11 13:24:17.000","2022-10-11 13:27:35.000","2022-10-11 14:24:48.000","42.350923","-71.114888"
"7a7b13ad-e08f-440e-98ae-00358447798b","59792f6b-018b-4645-b82b-66abeefcc335","bbd4a47d-6acb-427e-9acd-94c8038e1059","964ee7a6-4e49-4aad-8768-1fabf85966eb","11.00","2022-10-11 11:18:24.000","2022-10-11 11:25:42.000","2022-10-11 11:38:11.000","2022-10-11 12:39:20.000","2022-10-11 13:20:45.000","2022-10-11 14:15:04.000","2022-10-11 14:15:04.000","2022-10-11 16:24:14.000","2022-10-11 17:43:18.000","42.350338","-71.103649"
"7a7b13ad-e08f-440e-98ae-00358447798b","59792f6b-018b-4645-b82b-66abeefcc335","491990f5-4e0c-410a-8aac-5c75b7268a5d","964ee7a6-4e49-4aad-8768-1fabf85966eb","11.00","2022-10-11 11:48:31.000","2022-10-11 11:52:54.000","2022-10-11 12:30:19.000","2022-10-11 13:20:07.000","2022-10-11 14:26:34.000",,,"2022-10-11 16:36:26.000","2022-10-11 18:34:52.000",,
"7a7b13ad-e08f-440e-98ae-00358447798b","59792f6b-018b-4645-b82b-66abeefcc335","895bc77d-390d-4732-a636-e7df5601a7a1","964ee7a6-4e49-4aad-8768-1fabf85966eb","4.00","2022-10-11 15:42:44.000","2022-10-11 15:46:43.000","2022-10-11 16:01:37.000","2022-10-11 16:27:40.000","2022-10-11 16:38:04.000","2022-10-11 16:50:41.000","2022-10-11 16:50:41.000","2022-10-11 17:00:04.000","2022-10-11 18:04:07.000","42.349607","-71.102646"
"7a7b13ad-e08f-440e-98ae-00358447798b","d15741b0-f02f-45c7-b2c7-b96e68e800de","55bf4d1a-be7b-40eb-bcf9-0bec13e09437","bee71a1d-573f-4aee-ba50-4438524b0c49","1.00","2022-07-25 11:43:47.000","2022-07-25 11:47:59.000","2022-07-25 11:56:50.000","2022-07-25 12:34:39.000","2022-07-25 12:40:10.000","2022-07-25 12:44:33.000","2022-07-25 12:44:33.000","2022-07-25 12:44:56.000","2022-07-25 13:13:22.000","42.349827","-71.103842"
"7a7b13ad-e08f-440e-98ae-00358447798b","614ead82-8a99-497d-9a12-f18fac4472e8","f4f31d59-16d7-429f-8706-2d340381d431","964ee7a6-4e49-4aad-8768-1fabf85966eb","11.00","2022-12-01 17:13:06.000","2022-12-01 17:19:27.000","2022-12-01 17:31:18.000","2022-12-01 18:08:45.000","2022-12-01 18:18:41.000","2022-12-01 18:40:08.000","2022-12-01 18:40:08.000","2022-12-01 19:13:27.000","2022-12-01 19:54:49.000","42.349904","-71.103445"
"7a7b13ad-e08f-440e-98ae-00358447798b","520f01ab-deee-4aee-902c-9962ad25957e","28fe3de1-7e42-4c4d-9fd1-1a30119c5f99","964ee7a6-4e49-4aad-8768-1fabf85966eb","3.00","2022-02-09 15:32:50.000","2022-02-09 15:37:23.000","2022-02-09 15:43:55.000","2022-02-09 16:15:05.000","2022-02-09 16:19:59.000",,,"2022-02-09 18:46:58.000","2022-02-09 19:14:39.000","42.349773","-71.103141"
"7a7b13ad-e08f-440e-98ae-00358447798b","dde5d878-dbc6-4ed8-8396-d51828024d91","7bbade72-b474-47f3-a18c-520178e6b815","964ee7a6-4e49-4aad-8768-1fabf85966eb","11.00","2022-05-31 11:17:24.000","2022-05-31 11:23:48.000",,"2022-05-31 12:32:56.000","2022-05-31 13:25:37.000",,,"2022-05-31 13:25:40.000","2022-05-31 13:49:00.000",,
"7a7b13ad-e08f-440e-98ae-00358447798b","dde5d878-dbc6-4ed8-8396-d51828024d91","332a2daf-b64d-4047-9951-ecac8c3fbd7c","964ee7a6-4e49-4aad-8768-1fabf85966eb","11.00","2022-05-31 10:23:37.000","2022-05-31 10:29:13.000","2022-05-31 10:50:02.000","2022-05-31 11:39:53.000","2022-05-31 11:53:02.000","2022-05-31 12:27:16.000","2022-05-31 12:27:16.000","2022-05-31 12:36:35.000","2022-05-31 13:22:21.000","42.350221","-71.103324"
"7a7b13ad-e08f-440e-98ae-00358447798b","ffc6a236-c937-4996-8413-e7b398131819","ae7173f6-653f-41f2-a44c-7113d3278180","964ee7a6-4e49-4aad-8768-1fabf85966eb","11.00","2022-10-06 13:26:36.000","2022-10-06 13:32:27.000","2022-10-06 13:50:06.000","2022-10-06 14:38:47.000","2022-10-06 15:20:48.000",,,"2022-10-06 17:31:28.000","2022-10-06 17:41:08.000",,
"7a7b13ad-e08f-440e-98ae-00358447798b","40e1bcb3-a9bf-4a55-9024-c8070715dc17","5b76eafa-2c80-4c7b-9f26-1597f994ba35","964ee7a6-4e49-4aad-8768-1fabf85966eb","6.00","2022-12-15 17:08:05.000","2022-12-15 17:14:55.000","2022-12-15 17:24:37.000","2022-12-15 17:58:01.000","2022-12-15 18:04:45.000","2022-12-15 19:03:29.000","2022-12-15 19:03:29.000","2022-12-15 19:08:25.000","2022-12-15 19:37:00.000","42.349622","-71.102246"
"7a7b13ad-e08f-440e-98ae-00358447798b","1e5771d4-c4c5-4306-8364-0ca20f55981d","e99aded3-7a27-48ca-b043-60eb4e863728","bee71a1d-573f-4aee-ba50-4438524b0c49","11.00","2022-08-09 12:06:03.000","2022-08-09 12:10:40.000","2022-08-09 12:18:14.000","2022-08-09 12:56:04.000","2022-08-09 13:02:06.000","2022-08-09 13:13:26.000","2022-08-09 13:13:26.000","2022-08-09 13:19:34.000","2022-08-09 13:47:43.000","42.350077","-71.101851"
"7a7b13ad-e08f-440e-98ae-00358447798b","1e5771d4-c4c5-4306-8364-0ca20f55981d","1f10ce16-3078-4457-b676-dc5071166923","bee71a1d-573f-4aee-ba50-4438524b0c49","11.00","2022-08-09 11:00:20.000","2022-08-09 11:05:27.000","2022-08-09 11:13:14.000","2022-08-09 11:49:23.000","2022-08-09 11:55:15.000","2022-08-09 12:02:40.000","2022-08-09 12:02:40.000","2022-08-09 12:10:00.000","2022-08-09 12:59:22.000","42.349904","-71.101843"
"7a7b13ad-e08f-440e-98ae-00358447798b","1e5771d4-c4c5-4306-8364-0ca20f55981d","f5509194-1f16-438c-8f14-e6f6dddb064f","bee71a1d-573f-4aee-ba50-4438524b0c49","11.00","2022-08-09 10:17:19.000","2022-08-09 10:21:39.000","2022-08-09 10:36:34.000","2022-08-09 11:04:35.000","2022-08-09 11:11:54.000","2022-08-09 11:20:47.000","2022-08-09 11:20:47.000","2022-08-09 11:26:22.000","2022-08-09 11:53:04.000","42.349858","-71.102065"
"7a7b13ad-e08f-440e-98ae-00358447798b","1e5771d4-c4c5-4306-8364-0ca20f55981d","bafe960e-67cf-4cd7-ac84-013346e5e1b3","bee71a1d-573f-4aee-ba50-4438524b0c49","11.00","2022-08-09 12:44:51.000","2022-08-09 12:49:11.000","2022-08-09 13:00:38.000","2022-08-09 13:37:27.000","2022-08-09 13:42:42.000","2022-08-09 13:56:29.000","2022-08-09 13:56:29.000","2022-08-09 14:12:47.000","2022-08-09 15:14:03.000","42.350095","-71.101924"
"7a7b13ad-e08f-440e-98ae-00358447798b","1e5771d4-c4c5-4306-8364-0ca20f55981d","a703e8a0-6d34-47f1-83fb-f5baf54c0755","bee71a1d-573f-4aee-ba50-4438524b0c49","11.00","2022-08-09 11:33:59.000","2022-08-09 11:41:08.000","2022-08-09 11:46:18.000","2022-08-09 12:21:06.000","2022-08-09 12:26:22.000","2022-08-09 12:35:36.000","2022-08-09 12:35:36.000","2022-08-09 12:39:26.000","2022-08-09 13:05:38.000","42.350110","-71.101867"
"7a7b13ad-e08f-440e-98ae-00358447798b","993cb153-ba3a-41d7-ad1a-e7fd6d224e1a","20ee3b48-ccae-40b0-b3f1-7c3a9aa1efa6","964ee7a6-4e49-4aad-8768-1fabf85966eb","9.00","2022-09-08 14:32:20.000","2022-09-08 14:35:33.000","2022-09-08 14:52:23.000","2022-09-08 15:26:06.000","2022-09-08 15:37:44.000","2022-09-08 16:00:35.000","2022-09-08 16:00:35.000","2022-09-08 16:15:09.000","2022-09-08 16:50:12.000","42.350100","-71.103479"
"7a7b13ad-e08f-440e-98ae-00358447798b","ec31dd97-2a0c-47d6-90ab-f54a9495da20","d969cde1-8322-43d1-aa84-908f8ff8cbd6","964ee7a6-4e49-4aad-8768-1fabf85966eb","11.00","2022-11-07 12:52:29.000","2022-11-07 12:58:23.000","2022-11-07 13:10:53.000","2022-11-07 14:02:58.000","2022-11-07 15:21:27.000","2022-11-07 15:55:33.000","2022-11-07 15:55:33.000","2022-11-07 16:10:11.000","2022-11-07 16:34:29.000","42.350155","-71.102976"
"7a7b13ad-e08f-440e-98ae-00358447798b","ec31dd97-2a0c-47d6-90ab-f54a9495da20","2aface13-611b-43b7-9144-19ff544cb91a","964ee7a6-4e49-4aad-8768-1fabf85966eb","10.00","2022-11-07 17:28:41.000","2022-11-07 17:36:20.000","2022-11-07 17:48:32.000","2022-11-07 18:21:38.000","2022-11-07 18:35:33.000","2022-11-07 18:45:56.000","2022-11-07 18:45:56.000","2022-11-07 18:58:30.000","2022-11-07 19:33:14.000","42.350281","-71.102867"
"7a7b13ad-e08f-440e-98ae-00358447798b","ec31dd97-2a0c-47d6-90ab-f54a9495da20","e1159db3-65e2-47d3-aa98-5e742f55e749","964ee7a6-4e49-4aad-8768-1fabf85966eb","11.00","2022-11-07 16:45:20.000","2022-11-07 16:50:46.000","2022-11-07 17:04:57.000","2022-11-07 17:29:12.000","2022-11-07 18:04:56.000","2022-11-07 18:19:19.000","2022-11-07 18:19:19.000","2022-11-07 18:29:49.000","2022-11-07 18:59:39.000","42.350057","-71.103045"
"7a7b13ad-e08f-440e-98ae-00358447798b","ec31dd97-2a0c-47d6-90ab-f54a9495da20","0c7d35be-2ec7-48a4-be9f-c4b47241b02b","964ee7a6-4e49-4aad-8768-1fabf85966eb","11.00","2022-11-07 16:19:10.000","2022-11-07 16:25:08.000","2022-11-07 16:32:33.000","2022-11-07 17:02:56.000","2022-11-07 17:20:51.000","2022-11-07 17:47:57.000","2022-11-07 17:47:57.000","2022-11-07 18:00:14.000","2022-11-07 18:32:15.000","42.350188","-71.103311"
"7a7b13ad-e08f-440e-98ae-00358447798b","ec31dd97-2a0c-47d6-90ab-f54a9495da20","f9e37c7b-1ba2-4726-8584-854715fecbb9","964ee7a6-4e49-4aad-8768-1fabf85966eb","11.00","2022-11-07 12:05:19.000","2022-11-07 12:11:13.000","2022-11-07 12:15:58.000","2022-11-07 12:56:03.000","2022-11-07 14:24:38.000","2022-11-07 15:15:33.000","2022-11-07 15:15:33.000","2022-11-07 15:26:42.000","2022-11-07 15:58:57.000","42.349978","-71.103245"
"7a7b13ad-e08f-440e-98ae-00358447798b","ec31dd97-2a0c-47d6-90ab-f54a9495da20","5c2d0ad1-2750-4851-b1bf-9bb32d5597ee","964ee7a6-4e49-4aad-8768-1fabf85966eb","11.00","2022-11-07 11:41:15.000","2022-11-07 11:46:08.000","2022-11-07 11:54:29.000","2022-11-07 12:36:11.000","2022-11-07 13:17:18.000","2022-11-07 14:10:42.000","2022-11-07 14:10:42.000","2022-11-07 14:36:36.000","2022-11-07 15:24:17.000",,
"7a7b13ad-e08f-440e-98ae-00358447798b","ec31dd97-2a0c-47d6-90ab-f54a9495da20","9a71946b-d9b2-4d6f-98ae-7ff292c7ea98","964ee7a6-4e49-4aad-8768-1fabf85966eb","11.00","2022-11-07 11:38:03.000","2022-11-07 11:44:41.000","2022-11-07 11:53:27.000","2022-11-07 12:35:01.000","2022-11-07 12:45:57.000","2022-11-07 13:07:14.000","2022-11-07 13:07:14.000","2022-11-07 13:12:23.000","2022-11-07 13:48:19.000","42.350279","-71.103294"
"7a7b13ad-e08f-440e-98ae-00358447798b","ec31dd97-2a0c-47d6-90ab-f54a9495da20","c07ca7e8-c68c-4699-a18e-ac2d5d796d3b","964ee7a6-4e49-4aad-8768-1fabf85966eb","11.00",,,,,,,,,,,
"7a7b13ad-e08f-440e-98ae-00358447798b","c0bc9536-ae7d-4ae6-8444-5c85831096fe","b5b7412e-6503-4d9a-9ced-f15494d36013","964ee7a6-4e49-4aad-8768-1fabf85966eb","7.00","2022-12-05 15:32:53.000","2022-12-05 15:37:14.000","2022-12-05 15:46:44.000","2022-12-05 16:13:26.000","2022-12-05 16:24:49.000","2022-12-05 17:01:50.000","2022-12-05 17:01:50.000","2022-12-05 17:15:17.000","2022-12-05 17:48:32.000","42.349585","-71.101876"
"7a7b13ad-e08f-440e-98ae-00358447798b","94d4fe89-943e-4198-a5d7-235ba62ed630","4c499eae-4b78-42ca-a44b-9953b3d371fe","964ee7a6-4e49-4aad-8768-1fabf85966eb","10.00","2022-06-15 17:43:24.000","2022-06-15 17:49:05.000","2022-06-15 17:56:56.000","2022-06-15 18:31:10.000","2022-06-15 18:34:23.000","2022-06-15 18:45:22.000","2022-06-15 18:45:22.000",,"2022-06-15 19:19:13.000",,
"7a7b13ad-e08f-440e-98ae-00358447798b","94d4fe89-943e-4198-a5d7-235ba62ed630","0d0791cb-148e-4320-830e-e9551f858676","964ee7a6-4e49-4aad-8768-1fabf85966eb","10.00","2022-06-15 17:59:53.000","2022-06-15 18:05:24.000","2022-06-15 18:20:03.000","2022-06-15 18:49:36.000","2022-06-15 18:55:31.000","2022-06-15 19:03:11.000","2022-06-15 19:03:11.000","2022-06-15 19:12:39.000","2022-06-15 19:49:22.000","42.350121","-71.101937"
"7a7b13ad-e08f-440e-98ae-00358447798b","94d4fe89-943e-4198-a5d7-235ba62ed630","2a16d3b9-a131-4e77-b5fe-18d450fefe3e","964ee7a6-4e49-4aad-8768-1fabf85966eb","10.00","2022-06-15 17:29:03.000","2022-06-15 17:32:06.000","2022-06-15 17:41:07.000","2022-06-15 18:12:25.000","2022-06-15 18:18:18.000","2022-06-15 18:25:37.000","2022-06-15 18:25:37.000","2022-06-15 18:31:41.000","2022-06-15 19:10:34.000","42.350111","-71.101891"
"7a7b13ad-e08f-440e-98ae-00358447798b","94d4fe89-943e-4198-a5d7-235ba62ed630","392e2056-1eea-4a58-8e19-85f71a183104","964ee7a6-4e49-4aad-8768-1fabf85966eb","10.00","2022-06-15 19:15:00.000","2022-06-15 19:20:10.000","2022-06-15 19:24:28.000","2022-06-15 19:54:03.000","2022-06-15 19:59:34.000","2022-06-15 20:04:35.000","2022-06-15 20:04:35.000","2022-06-15 20:46:05.000","2022-06-15 21:23:45.000",,
"7a7b13ad-e08f-440e-98ae-00358447798b","94d4fe89-943e-4198-a5d7-235ba62ed630","69d715d3-41fa-4085-8721-bfd586bf4129","964ee7a6-4e49-4aad-8768-1fabf85966eb","10.00","2022-06-15 18:39:37.000","2022-06-15 18:44:48.000","2022-06-15 19:09:39.000","2022-06-15 19:42:25.000","2022-06-15 19:46:37.000","2022-06-15 19:54:29.000","2022-06-15 19:54:29.000","2022-06-15 20:00:22.000","2022-06-15 20:42:30.000","42.350043","-71.101844"
"7a7b13ad-e08f-440e-98ae-00358447798b","44b21f71-1f3b-4798-b6d7-71c2fbfa1fb8","1757fbab-38cd-4aa6-ba6e-6edf85d3c62d","964ee7a6-4e49-4aad-8768-1fabf85966eb","6.00","2022-03-09 16:05:23.000","2022-03-09 16:09:01.000","2022-03-09 16:16:01.000","2022-03-09 16:40:55.000","2022-03-09 16:53:27.000","2022-03-09 17:42:24.000","2022-03-09 17:42:24.000","2022-03-09 18:03:34.000","2022-03-09 18:26:43.000","42.349709","-71.103660"
"7a7b13ad-e08f-440e-98ae-00358447798b","ae44069e-b802-4b3b-a2d4-d2f33583299e","05eae5d5-6a0c-4909-8e66-12393502dba9","964ee7a6-4e49-4aad-8768-1fabf85966eb","4.00","2022-08-08 16:12:43.000","2022-08-08 16:17:31.000","2022-08-08 16:22:50.000","2022-08-08 16:50:13.000","2022-08-08 16:56:10.000","2022-08-08 17:21:48.000","2022-08-08 17:21:48.000","2022-08-08 17:39:35.000","2022-08-08 18:22:40.000","42.350198","-71.103416"
"7a7b13ad-e08f-440e-98ae-00358447798b","ae44069e-b802-4b3b-a2d4-d2f33583299e","2fd8cfdb-8a7b-405c-915f-a4509313f252","964ee7a6-4e49-4aad-8768-1fabf85966eb","11.00","2022-08-08 10:56:24.000","2022-08-08 11:01:09.000","2022-08-08 11:15:56.000","2022-08-08 11:42:23.000","2022-08-08 12:37:31.000","2022-08-08 13:25:54.000","2022-08-08 13:25:54.000","2022-08-08 13:51:00.000","2022-08-08 14:18:17.000","42.350424","-71.103150"
"7a7b13ad-e08f-440e-98ae-00358447798b","ae44069e-b802-4b3b-a2d4-d2f33583299e","1c739a9b-a7cb-4fa8-83e7-cdef784b5344","964ee7a6-4e49-4aad-8768-1fabf85966eb","11.00","2022-08-08 10:19:54.000","2022-08-08 10:25:23.000","2022-08-08 10:41:15.000","2022-08-08 11:12:36.000","2022-08-08 11:47:08.000","2022-08-08 12:16:51.000","2022-08-08 12:16:51.000","2022-08-08 12:32:42.000","2022-08-08 13:00:35.000","42.350056","-71.103162"
"7a7b13ad-e08f-440e-98ae-00358447798b","ae44069e-b802-4b3b-a2d4-d2f33583299e","472670f6-1489-4f50-85ac-f95bebbca1fc","964ee7a6-4e49-4aad-8768-1fabf85966eb","11.00","2022-08-08 13:00:14.000","2022-08-08 13:05:32.000","2022-08-08 13:14:54.000","2022-08-08 13:48:05.000","2022-08-08 14:01:34.000","2022-08-08 14:24:21.000","2022-08-08 14:24:21.000","2022-08-08 15:34:37.000","2022-08-08 16:03:20.000","42.349529","-71.103518"
"7a7b13ad-e08f-440e-98ae-00358447798b","1e2625db-53c4-4bb4-8d11-7264a9c381ba","1173af7e-afae-43dc-b266-cc85177db103","964ee7a6-4e49-4aad-8768-1fabf85966eb","9.00","2022-08-04 16:18:41.000","2022-08-04 16:27:18.000","2022-08-04 16:35:25.000","2022-08-04 17:06:10.000","2022-08-04 17:23:01.000","2022-08-04 17:31:06.000","2022-08-04 17:31:06.000","2022-08-04 17:39:47.000","2022-08-04 18:08:37.000","42.350208","-71.102721"
"7a7b13ad-e08f-440e-98ae-00358447798b","1e2625db-53c4-4bb4-8d11-7264a9c381ba","35477a6d-8ac8-4199-b359-21ded2afa9ae","964ee7a6-4e49-4aad-8768-1fabf85966eb","9.00","2022-08-04 16:36:11.000","2022-08-04 16:41:11.000","2022-08-04 16:48:38.000","2022-08-04 17:14:38.000","2022-08-04 17:38:32.000","2022-08-04 18:00:03.000","2022-08-04 18:00:03.000","2022-08-04 18:19:30.000","2022-08-04 18:50:13.000",,
"7a7b13ad-e08f-440e-98ae-00358447798b","1e2625db-53c4-4bb4-8d11-7264a9c381ba","1a0ba86e-e3ca-4293-8fbb-aba05710d13f","964ee7a6-4e49-4aad-8768-1fabf85966eb","9.00","2022-08-04 15:30:39.000","2022-08-04 15:36:42.000","2022-08-04 15:53:54.000","2022-08-04 16:26:15.000","2022-08-04 16:54:10.000",,"2022-08-04 17:23:53.000","2022-08-04 17:23:57.000","2022-08-04 17:24:01.000",,
"7a7b13ad-e08f-440e-98ae-00358447798b","1e2625db-53c4-4bb4-8d11-7264a9c381ba","b3a2b657-353e-4e26-a38f-252b8e97bcd0","964ee7a6-4e49-4aad-8768-1fabf85966eb","9.00","2022-08-04 15:53:08.000","2022-08-04 16:01:05.000","2022-08-04 16:09:13.000","2022-08-04 16:45:33.000","2022-08-04 17:03:17.000","2022-08-04 17:16:26.000","2022-08-04 17:16:26.000","2022-08-04 17:33:48.000","2022-08-04 18:39:54.000","42.349952","-71.102316"
"7a7b13ad-e08f-440e-98ae-00358447798b","b432e708-7851-4542-b4a4-6ee8599bf002","a984c564-9105-4a8f-a65e-fbf59e0a242f","bee71a1d-573f-4aee-ba50-4438524b0c49","7.00","2022-09-07 15:22:51.000","2022-09-07 15:29:10.000","2022-09-07 15:40:47.000","2022-09-07 16:19:16.000","2022-09-07 16:39:55.000","2022-09-07 16:56:54.000","2022-09-07 16:56:54.000","2022-09-07 17:16:26.000","2022-09-07 17:54:22.000","42.350218","-71.103216"
"7a7b13ad-e08f-440e-98ae-00358447798b","ff630a4b-ccc4-44f3-a2aa-b31a5dffb250","748d6fbc-9526-4ee0-940f-c96cc5becc03","964ee7a6-4e49-4aad-8768-1fabf85966eb","11.00","2022-10-07 15:22:00.000","2022-10-07 15:29:07.000","2022-10-07 15:35:57.000","2022-10-07 16:13:41.000","2022-10-07 16:42:09.000","2022-10-07 16:51:57.000","2022-10-07 16:51:57.000","2022-10-07 17:04:27.000","2022-10-07 17:41:34.000",,
"7a7b13ad-e08f-440e-98ae-00358447798b","0926b7b3-cb5b-49d4-8489-76f275d1b68d","0cc6e26a-c75f-4378-9ded-2bcf31d7cf84","964ee7a6-4e49-4aad-8768-1fabf85966eb","4.00","2022-02-04 12:47:24.000","2022-02-04 12:51:38.000","2022-02-04 13:00:32.000","2022-02-04 13:35:28.000","2022-02-04 13:42:42.000","2022-02-04 14:25:16.000","2022-02-04 14:25:16.000","2022-02-04 14:53:04.000","2022-02-04 15:26:02.000","42.350190","-71.102968"
"7a7b13ad-e08f-440e-98ae-00358447798b","0926b7b3-cb5b-49d4-8489-76f275d1b68d","33b58ca1-6ea0-440d-ada4-5f1c81ff4774","964ee7a6-4e49-4aad-8768-1fabf85966eb","6.00","2022-02-04 11:38:45.000","2022-02-04 11:43:38.000","2022-02-04 11:53:15.000","2022-02-04 12:21:29.000","2022-02-04 12:32:31.000","2022-02-04 13:24:17.000","2022-02-04 13:24:17.000","2022-02-04 13:33:52.000","2022-02-04 14:06:05.000","42.350113","-71.102890"
"7a7b13ad-e08f-440e-98ae-00358447798b","f94cd36c-c665-42ce-8c61-6ee32bc197e0","0da9e1b7-fa9d-42b4-9672-223d27e649cd","bee71a1d-573f-4aee-ba50-4438524b0c49","11.00","2022-05-17 17:26:36.000","2022-05-17 17:33:04.000","2022-05-17 17:46:55.000","2022-05-17 18:17:19.000","2022-05-17 18:23:56.000","2022-05-17 18:50:17.000","2022-05-17 18:50:17.000","2022-05-17 19:00:07.000","2022-05-17 19:44:35.000","42.350272","-71.103246"
"7a7b13ad-e08f-440e-98ae-00358447798b","f94cd36c-c665-42ce-8c61-6ee32bc197e0","87697bae-b5a5-407b-af85-d4d1557819b5","bee71a1d-573f-4aee-ba50-4438524b0c49","11.00","2022-05-17 16:26:40.000","2022-05-17 16:34:42.000","2022-05-17 16:40:42.000","2022-05-17 17:07:28.000","2022-05-17 17:15:05.000","2022-05-17 17:25:36.000","2022-05-17 17:25:36.000","2022-05-17 17:36:36.000","2022-05-17 18:06:15.000","42.350193","-71.103367"
"7a7b13ad-e08f-440e-98ae-00358447798b","f94cd36c-c665-42ce-8c61-6ee32bc197e0","1285228e-59b4-4136-b5d4-f7858ce47d25","bee71a1d-573f-4aee-ba50-4438524b0c49","11.00","2022-05-17 16:53:22.000","2022-05-17 16:59:33.000","2022-05-17 17:10:24.000","2022-05-17 17:45:19.000","2022-05-17 17:50:49.000","2022-05-17 18:03:46.000","2022-05-17 18:03:46.000","2022-05-17 18:08:30.000","2022-05-17 18:49:47.000","42.350312","-71.103464"
"7a7b13ad-e08f-440e-98ae-00358447798b","8133ed9d-3dd4-447f-92c3-b512d4634049","d42c70b7-b8fb-4417-88dd-895acc74c687","964ee7a6-4e49-4aad-8768-1fabf85966eb","3.00","2022-03-11 12:40:41.000","2022-03-11 12:46:51.000","2022-03-11 12:56:07.000","2022-03-11 13:36:45.000","2022-03-11 13:46:37.000",,,"2022-03-11 14:45:50.000","2022-03-11 15:17:14.000","42.349751","-71.103218"
"7a7b13ad-e08f-440e-98ae-00358447798b","09bb1e26-8e70-433a-a953-25c7836945bc","766f4794-f151-4492-938c-9558fa56ad5a","964ee7a6-4e49-4aad-8768-1fabf85966eb","11.00","2022-10-04 10:24:47.000","2022-10-04 10:31:13.000","2022-10-04 10:42:45.000","2022-10-04 11:15:26.000","2022-10-04 11:23:36.000","2022-10-04 11:33:43.000","2022-10-04 11:33:43.000","2022-10-04 11:39:28.000","2022-10-04 13:29:27.000",,
"7a7b13ad-e08f-440e-98ae-00358447798b","09bb1e26-8e70-433a-a953-25c7836945bc","10133227-d2aa-43c9-b30a-24756390ad12","964ee7a6-4e49-4aad-8768-1fabf85966eb","11.00","2022-10-04 11:41:50.000","2022-10-04 11:48:22.000","2022-10-04 12:02:05.000","2022-10-04 13:02:25.000","2022-10-04 13:06:59.000","2022-10-04 13:37:59.000","2022-10-04 13:37:59.000","2022-10-04 14:42:03.000","2022-10-04 15:32:04.000","42.350205","-71.102205"
"7a7b13ad-e08f-440e-98ae-00358447798b","09bb1e26-8e70-433a-a953-25c7836945bc","e2e270e0-415b-4b5f-8bb1-52c898af0541","964ee7a6-4e49-4aad-8768-1fabf85966eb","11.00","2022-10-04 13:36:28.000","2022-10-04 13:36:41.000","2022-10-04 13:50:16.000","2022-10-04 14:24:43.000","2022-10-04 14:32:31.000","2022-10-04 15:22:40.000","2022-10-04 15:22:40.000","2022-10-04 15:35:25.000","2022-10-04 15:52:23.000","42.350170","-71.102313"
"7a7b13ad-e08f-440e-98ae-00358447798b","09bb1e26-8e70-433a-a953-25c7836945bc","f8c33955-ea83-420f-af4a-52089925b3a5","964ee7a6-4e49-4aad-8768-1fabf85966eb","5.00","2022-10-04 15:39:59.000","2022-10-04 15:47:43.000","2022-10-04 15:58:14.000","2022-10-04 16:25:59.000","2022-10-04 16:34:20.000","2022-10-04 16:50:22.000","2022-10-04 16:50:22.000","2022-10-04 17:17:33.000","2022-10-04 18:02:41.000","42.349961","-71.101502"
"7a7b13ad-e08f-440e-98ae-00358447798b","09bb1e26-8e70-433a-a953-25c7836945bc","49fc10e7-48f2-4965-9d6c-ad4386473034","964ee7a6-4e49-4aad-8768-1fabf85966eb","10.00","2022-10-04 14:25:15.000","2022-10-04 14:32:32.000","2022-10-04 14:38:23.000","2022-10-04 15:25:45.000","2022-10-04 15:29:01.000","2022-10-04 15:48:39.000","2022-10-04 15:48:39.000","2022-10-04 16:07:01.000","2022-10-04 16:36:32.000",,
"7a7b13ad-e08f-440e-98ae-00358447798b","ca41712e-de0f-4551-b022-e31b6f9e9731","4793bb92-c429-4e76-bcb2-ccd9d4b66dfd","964ee7a6-4e49-4aad-8768-1fabf85966eb","11.00","2022-08-22 14:06:42.000","2022-08-22 14:15:27.000",,"2022-08-22 15:07:16.000","2022-08-22 15:09:04.000",,,"2022-08-22 16:52:23.000","2022-08-22 17:20:37.000","42.350172","-71.103450"
"7a7b13ad-e08f-440e-98ae-00358447798b","ca41712e-de0f-4551-b022-e31b6f9e9731","a7f0b7f4-ea53-4c72-b808-4a6e763ba152","964ee7a6-4e49-4aad-8768-1fabf85966eb","11.00","2022-08-22 12:57:13.000","2022-08-22 13:01:38.000","2022-08-22 13:13:51.000","2022-08-22 14:09:52.000","2022-08-22 14:17:09.000","2022-08-22 14:36:04.000","2022-08-22 14:36:04.000","2022-08-22 14:41:45.000","2022-08-22 15:11:54.000",,
"7a7b13ad-e08f-440e-98ae-00358447798b","ca41712e-de0f-4551-b022-e31b6f9e9731","6cb10215-c7f0-4bf1-be14-50afa018e6ec","964ee7a6-4e49-4aad-8768-1fabf85966eb","11.00","2022-08-22 12:33:24.000","2022-08-22 12:38:56.000","2022-08-22 12:48:42.000","2022-08-22 13:36:24.000","2022-08-22 13:42:48.000","2022-08-22 13:47:17.000","2022-08-22 13:47:17.000","2022-08-22 14:50:19.000","2022-08-22 15:27:50.000","42.350132","-71.103474"
"7a7b13ad-e08f-440e-98ae-00358447798b","ca41712e-de0f-4551-b022-e31b6f9e9731","1682c7a7-f04f-4eb7-84bc-ec1707d46958","964ee7a6-4e49-4aad-8768-1fabf85966eb","11.00","2022-08-22 11:28:20.000","2022-08-22 11:33:31.000","2022-08-22 11:47:30.000","2022-08-22 12:20:45.000","2022-08-22 12:26:15.000","2022-08-22 12:40:54.000","2022-08-22 12:40:54.000","2022-08-22 12:45:19.000","2022-08-22 13:20:22.000","42.350264","-71.103458"
"7a7b13ad-e08f-440e-98ae-00358447798b","ca41712e-de0f-4551-b022-e31b6f9e9731","d9d5a2d2-9fc4-4dea-a32a-27b747d8afa7","964ee7a6-4e49-4aad-8768-1fabf85966eb","11.00","2022-08-22 11:06:46.000","2022-08-22 11:11:30.000","2022-08-22 11:19:29.000","2022-08-22 11:45:20.000","2022-08-22 11:58:35.000","2022-08-22 12:19:05.000","2022-08-22 12:19:05.000","2022-08-22 12:23:55.000","2022-08-22 13:06:58.000",,
"7a7b13ad-e08f-440e-98ae-00358447798b","ca41712e-de0f-4551-b022-e31b6f9e9731","29787c7d-aa3f-4f99-8ba0-b7aa6d71de40","964ee7a6-4e49-4aad-8768-1fabf85966eb","11.00","2022-08-22 11:58:46.000","2022-08-22 12:05:39.000","2022-08-22 12:16:14.000","2022-08-22 12:53:59.000","2022-08-22 12:59:35.000","2022-08-22 13:17:17.000","2022-08-22 13:17:17.000","2022-08-22 13:18:25.000","2022-08-22 13:51:20.000",,
"7a7b13ad-e08f-440e-98ae-00358447798b","553e1ade-16b1-4901-81c0-da6fa0e8f18d","f2e67d33-4368-482c-825d-64aa9a132265","bee71a1d-573f-4aee-ba50-4438524b0c49","3.00","2022-10-15 14:24:00.000","2022-10-15 14:39:32.000","2022-10-15 14:55:15.000","2022-10-15 15:20:09.000","2022-10-15 15:41:37.000","2022-10-15 15:44:10.000","2022-10-15 15:44:10.000","2022-10-15 15:57:11.000","2022-10-15 16:33:34.000","42.349961","-71.103278"
"7a7b13ad-e08f-440e-98ae-00358447798b","553e1ade-16b1-4901-81c0-da6fa0e8f18d","2e8e3013-8521-461c-91fd-2be079ef538a","bee71a1d-573f-4aee-ba50-4438524b0c49","11.00","2022-10-15 11:29:24.000","2022-10-15 11:34:12.000","2022-10-15 11:47:41.000","2022-10-15 12:17:06.000","2022-10-15 12:22:40.000","2022-10-15 12:39:53.000","2022-10-15 12:39:53.000","2022-10-15 12:52:01.000","2022-10-15 13:36:28.000","42.349787","-71.102609"
"7a7b13ad-e08f-440e-98ae-00358447798b","553e1ade-16b1-4901-81c0-da6fa0e8f18d","b5fc22a1-fed7-47c9-a9ee-7fdaf75fb5a6","bee71a1d-573f-4aee-ba50-4438524b0c49","11.00","2022-10-15 13:36:30.000","2022-10-15 13:44:36.000","2022-10-15 13:57:53.000","2022-10-15 14:25:09.000","2022-10-15 14:29:39.000","2022-10-15 15:13:14.000","2022-10-15 15:13:14.000","2022-10-15 15:39:18.000","2022-10-15 16:07:35.000","42.350158","-71.103430"
"7a7b13ad-e08f-440e-98ae-00358447798b","553e1ade-16b1-4901-81c0-da6fa0e8f18d","498bb9ff-73bf-4700-96f3-36d94b7f35b6","bee71a1d-573f-4aee-ba50-4438524b0c49","11.00",,,,,,,,,,,
"7a7b13ad-e08f-440e-98ae-00358447798b","553e1ade-16b1-4901-81c0-da6fa0e8f18d","1c3e84af-f7c8-4ef2-b357-0aed9b02d02c","bee71a1d-573f-4aee-ba50-4438524b0c49","11.00","2022-10-15 12:09:15.000","2022-10-15 12:14:20.000","2022-10-15 12:50:29.000","2022-10-15 13:51:31.000",,,,,"2022-10-15 14:22:00.000",,
"7a7b13ad-e08f-440e-98ae-00358447798b","553e1ade-16b1-4901-81c0-da6fa0e8f18d","c223db6e-8fbb-421f-bbdb-9cfb33306db9","bee71a1d-573f-4aee-ba50-4438524b0c49","11.00",,,,,,,,,,,
"7a7b13ad-e08f-440e-98ae-00358447798b","df57ec2b-5b93-4017-977c-5e0abb68e102","1175744c-7d07-4a08-a15a-07b6e206b248","964ee7a6-4e49-4aad-8768-1fabf85966eb","8.00","2022-04-19 15:25:13.000","2022-04-19 15:29:13.000","2022-04-19 15:42:01.000","2022-04-19 16:25:18.000","2022-04-19 16:25:18.000","2022-04-19 16:49:37.000","2022-04-19 16:49:37.000","2022-04-19 17:08:46.000","2022-04-19 17:39:07.000","42.350203","-71.103182"
"7a7b13ad-e08f-440e-98ae-00358447798b","df57ec2b-5b93-4017-977c-5e0abb68e102","7d301a85-2067-490d-93cb-418b301939e0","964ee7a6-4e49-4aad-8768-1fabf85966eb","8.00",,,,,,,,,,,
"7a7b13ad-e08f-440e-98ae-00358447798b","34ad0076-2723-405e-92cb-89869a1dfd61","818e5d4e-0139-4f37-868d-96f79a5e00bc","bee71a1d-573f-4aee-ba50-4438524b0c49","7.00","2022-09-01 14:06:28.000","2022-09-01 14:11:08.000","2022-09-01 14:24:48.000","2022-09-01 14:55:44.000","2022-09-01 15:08:48.000","2022-09-01 15:47:10.000","2022-09-01 15:47:10.000","2022-09-01 16:14:54.000","2022-09-01 16:55:36.000","42.349335","-71.102260"
"7a7b13ad-e08f-440e-98ae-00358447798b","26d57f96-fb48-4b7d-9919-cbf746e8e477","02f9c955-d896-48ea-926a-0f846307d5bf","964ee7a6-4e49-4aad-8768-1fabf85966eb","9.00","2022-09-23 10:49:33.000","2022-09-23 10:55:02.000","2022-09-23 11:13:56.000","2022-09-23 11:51:48.000","2022-09-23 12:06:00.000","2022-09-23 12:13:31.000","2022-09-23 12:13:31.000","2022-09-23 13:59:58.000","2022-09-23 14:34:19.000","42.350053","-71.103243"
"7a7b13ad-e08f-440e-98ae-00358447798b","26d57f96-fb48-4b7d-9919-cbf746e8e477","0f62a8d7-bf77-45ed-a449-4aa6c9f19cac","964ee7a6-4e49-4aad-8768-1fabf85966eb","9.00","2022-09-23 11:12:19.000","2022-09-23 11:16:57.000","2022-09-23 11:22:58.000","2022-09-23 11:54:17.000","2022-09-23 12:21:36.000","2022-09-23 12:55:46.000","2022-09-23 12:55:46.000","2022-09-23 12:59:14.000","2022-09-23 13:56:10.000","42.349846","-71.103252"
"7a7b13ad-e08f-440e-98ae-00358447798b","26d57f96-fb48-4b7d-9919-cbf746e8e477","021da766-edbe-480c-9590-93a86388c299","964ee7a6-4e49-4aad-8768-1fabf85966eb","9.00","2022-09-23 11:48:49.000","2022-09-23 11:54:35.000","2022-09-23 12:15:13.000","2022-09-23 13:15:42.000","2022-09-23 13:15:48.000",,,"2022-09-23 14:30:51.000","2022-09-23 15:10:42.000","42.350263","-71.103525"
"7a7b13ad-e08f-440e-98ae-00358447798b","c01e5cac-fcf5-49d5-9205-26b2cb7d76f1","d8df918a-c0a0-4db2-addb-72ae2a3b8e42","964ee7a6-4e49-4aad-8768-1fabf85966eb","5.00","2022-11-04 14:35:39.000","2022-11-04 14:40:29.000","2022-11-04 14:53:56.000","2022-11-04 15:34:30.000","2022-11-04 15:44:07.000","2022-11-04 15:57:59.000","2022-11-04 15:57:59.000","2022-11-04 16:12:52.000","2022-11-04 16:51:17.000",,
"7a7b13ad-e08f-440e-98ae-00358447798b","c01e5cac-fcf5-49d5-9205-26b2cb7d76f1","0e1af1ea-778f-4758-83f8-07a06345f0cf","964ee7a6-4e49-4aad-8768-1fabf85966eb","10.00","2022-11-04 09:36:21.000","2022-11-04 09:41:23.000","2022-11-04 09:48:16.000","2022-11-04 10:15:33.000","2022-11-04 10:51:47.000","2022-11-04 11:09:07.000","2022-11-04 11:09:07.000","2022-11-04 11:13:50.000","2022-11-04 11:56:29.000",,
"7a7b13ad-e08f-440e-98ae-00358447798b","c01e5cac-fcf5-49d5-9205-26b2cb7d76f1","8868e8fe-54eb-484e-9aab-8170837c0552","964ee7a6-4e49-4aad-8768-1fabf85966eb","6.00","2022-11-04 09:56:18.000","2022-11-04 10:01:12.000","2022-11-04 10:18:08.000","2022-11-04 10:41:10.000","2022-11-04 11:19:14.000","2022-11-04 11:32:59.000","2022-11-04 11:32:59.000","2022-11-04 11:43:05.000","2022-11-04 13:09:21.000",,
"7a7b13ad-e08f-440e-98ae-00358447798b","152d42b4-7585-4344-8757-586a6f11a219","baf6c9c3-a660-4d34-b444-8f1bc34a0ade","964ee7a6-4e49-4aad-8768-1fabf85966eb","8.00","2022-11-22 17:00:54.000","2022-11-22 17:07:05.000","2022-11-22 17:18:14.000","2022-11-22 18:03:57.000","2022-11-22 18:05:56.000","2022-11-22 18:38:14.000","2022-11-22 18:38:14.000","2022-11-22 18:51:57.000","2022-11-22 19:23:25.000","42.349681","-71.102522"
"7a7b13ad-e08f-440e-98ae-00358447798b","152d42b4-7585-4344-8757-586a6f11a219","d0f2b72f-39af-47d4-b32f-681a2d900783","964ee7a6-4e49-4aad-8768-1fabf85966eb","8.00","2022-11-22 16:27:11.000","2022-11-22 16:33:34.000","2022-11-22 16:48:05.000","2022-11-22 17:17:21.000","2022-11-22 17:21:58.000","2022-11-22 17:43:52.000","2022-11-22 17:43:52.000","2022-11-22 17:53:29.000","2022-11-22 18:27:18.000","42.349636","-71.102495"
